	Value
967	0
5053	2
2111	0
6368	0
3195	1
4336	1
3815	2
3285	-1
6775	-1
887	0
6851	-1
2954	1
1196	1
638	0
3692	1
4730	1
5545	0
6758	0
4467	2
7320	1
18	0
6608	0
333	2
6660	1
5500	1
2203	1
5536	0
2785	0
4102	1
1316	1
2369	2
1559	0
2118	0
4575	0
2662	2
3748	0
4165	0
4856	0
2230	0
3005	2
7005	1
863	0
6572	1
3397	0
1035	0
575	1
4406	0
5349	2
2337	1
23	1
1359	0
3551	0
4447	1
6528	0
4418	0
6372	0
80	2
1006	2
5620	-1
1772	1
6972	0
2417	1
7248	1
6397	0
4385	1
4207	2
3952	0
2343	1
4374	1
7404	1
5930	1
297	0
941	0
5636	0
2653	0
6126	1
6059	-1
5728	-1
850	0
5673	1
100	-1
5335	1
3297	0
5128	1
5691	0
6307	0
3576	1
2849	1
3162	0
1979	-1
278	0
2071	1
4761	2
3872	0
1777	1
1890	0
4246	0
6481	0
247	1
4014	1
3613	1
2669	0
2728	1
3088	0
3455	0
6073	0
6875	0
1908	0
965	1
6697	0
3366	1
6922	2
3990	0
4131	0
1297	0
4454	1
6361	0
4187	2
585	0
3428	2
6589	0
112	1
2157	0
345	1
5756	-1
5552	-1
1477	1
2025	0
1171	0
4476	1
2846	0
935	1
5147	2
58	1
5516	-1
2349	0
1444	1
3024	0
3053	1
2963	2
6427	2
1067	0
2114	0
5729	0
3675	0
5072	-1
5926	2
5957	0
2197	2
1674	1
1111	1
998	0
1073	1
977	1
569	1
1575	2
4346	2
2268	2
6621	0
4358	2
4139	2
3834	2
6164	0
5654	0
14	0
206	-1
6384	0
4201	0
3155	0
6490	-1
2800	1
5740	1
2588	1
1147	0
4040	0
3840	1
6841	1
5934	1
404	0
5981	1
3721	0
933	1
4729	-1
577	0
3631	0
5475	0
6591	2
6576	1
6743	1
1234	1
5796	2
1400	1
4223	1
2517	0
6921	1
1581	2
6746	1
1972	1
3139	0
1824	1
5509	1
1176	0
6786	1
6595	0
4585	2
1679	1
1820	0
4175	0
454	-1
5834	1
2805	0
5282	1
2127	2
3545	0
2727	2
928	0
5675	1
7319	1
3855	0
7403	1
3182	2
3827	-1
4709	2
4909	0
2055	0
6344	1
3837	-1
4503	0
5869	2
7161	0
5733	0
4498	-1
785	0
3218	1
512	0
3020	1
7368	-1
4090	0
528	0
3697	2
3977	1
2908	1
885	1
1280	1
2693	0
1757	0
1635	0
2950	1
6781	0
1325	0
2546	0
4113	0
4233	1
1275	0
5497	0
121	2
474	0
1579	1
4399	0
536	2
1493	0
2130	0
5326	1
6345	0
7215	2
259	0
5925	0
2317	2
4341	1
480	2
508	0
588	2
4822	1
6962	0
4360	1
3822	1
1080	0
2294	0
3316	2
6708	1
2576	1
1784	2
1306	0
1295	0
2911	1
6806	1
4226	2
7042	0
695	2
4781	1
5565	2
5902	0
3325	1
6160	0
1659	1
1300	0
2492	1
4948	2
2992	0
6153	1
6058	0
3720	1
3938	-1
1041	1
4147	1
3889	1
2234	1
4934	2
130	2
3946	0
2301	0
5909	-1
2558	-1
3172	2
2247	2
719	0
3864	2
5968	-1
2602	1
2437	1
6090	0
3739	2
522	0
6412	0
4121	0
3025	0
6444	2
3862	0
4704	-1
7247	1
4812	2
3422	0
4259	0
5828	1
3122	2
1019	1
1358	0
4580	2
5158	2
450	0
5690	2
727	0
5044	-1
7036	0
4506	1
5481	1
3108	2
3519	-1
775	0
1110	1
1677	1
2864	0
235	1
5449	1
4083	1
5997	0
2309	1
5404	0
3655	0
3361	1
6916	-1
533	1
659	1
3803	1
6788	0
669	1
1410	1
5656	1
403	1
6448	0
6917	-1
2724	1
884	1
4013	2
48	1
3135	0
6408	0
2748	2
2225	2
4865	0
3086	0
87	1
5217	1
4629	2
4544	0
5731	2
2789	0
2141	0
1710	2
5166	2
2495	1
3722	1
3984	0
5459	2
1265	2
1739	1
3993	0
6836	0
6816	0
5434	2
3884	0
7361	0
1138	0
1723	0
4091	0
5979	2
1281	0
6691	2
5983	1
7117	2
3487	2
6055	1
4895	1
5395	1
5868	2
496	2
437	2
4145	2
2019	1
3121	0
2196	0
951	0
2636	0
1855	0
5292	0
3370	0
7204	0
6409	1
3190	0
3010	1
6043	0
7069	0
1059	2
6999	1
908	1
5519	0
142	2
6323	0
2525	0
4657	-1
4357	2
2909	1
545	0
5401	1
1203	2
1973	0
2426	1
6646	1
6903	-1
5308	2
6278	0
2306	2
4957	0
6580	1
7276	1
704	2
4235	2
6569	0
2689	0
3331	0
5738	0
4918	-1
301	1
2834	1
3214	2
7286	-1
335	1
2599	2
4542	-1
1345	2
5402	0
3164	1
174	2
7314	1
6837	-1
5268	2
6798	-1
968	0
6363	0
3957	0
1252	1
5095	2
637	-1
2553	2
3627	1
4814	1
6241	0
3202	2
6277	0
1109	0
2358	1
455	0
2941	0
189	0
2971	2
740	0
6780	-1
6275	0
4779	0
38	0
6388	0
3636	1
1122	0
6918	0
2585	0
1092	1
513	-2
2741	0
3991	0
3517	0
942	0
1298	1
2297	0
519	0
1746	-1
6379	1
6718	2
1622	0
520	1
3148	2
123	0
6206	0
2681	2
170	0
5255	1
1170	0
703	0
3937	0
3758	2
84	2
4840	2
3019	1
4989	1
1974	-1
3826	-2
1040	1
2099	1
3955	0
6534	1
6468	0
4310	0
555	1
6733	0
124	0
5820	2
6654	1
2676	1
264	2
6431	-1
4493	0
7207	2
2860	0
7332	1
6270	0
2791	2
7032	0
3879	0
1044	1
2673	1
6657	0
3861	2
6891	1
2228	1
2556	1
4863	0
3799	0
4298	1
2503	-1
4857	0
3505	0
6631	2
7115	0
41	2
7176	0
5157	2
2749	0
5524	2
5572	1
738	0
5617	2
6779	-1
5506	0
425	1
2409	0
6541	1
5946	0
6659	2
6598	0
6544	2
747	0
2767	1
3085	0
5860	1
3790	0
2293	1
765	0
2220	0
469	1
1351	1
1075	0
6486	1
1251	1
6478	1
351	0
6606	0
5188	1
4664	-1
5816	0
5864	1
1172	0
3362	-1
2455	1
5811	-1
288	0
6356	0
5912	0
4027	0
5931	2
1681	0
6623	-1
7026	1
5428	2
2214	1
5403	0
754	0
3482	0
5099	1
2948	-1
6095	0
397	0
370	2
1936	1
1474	2
2054	1
2759	0
3439	1
5320	0
3515	1
4133	2
543	0
2206	1
735	0
2112	1
4267	1
6214	0
5443	1
1401	1
2041	1
6504	1
7293	-1
2634	2
1693	0
1889	2
2377	1
1272	0
1856	0
5339	-1
3112	2
2207	0
6965	0
4620	1
3907	2
5201	1
5330	0
2999	0
2051	0
3865	1
840	0
2580	-1
3286	1
2270	1
2286	2
7140	0
6908	0
5769	2
6200	-1
6831	1
7378	1
3466	0
3421	1
4277	1
7122	-1
6539	-1
1921	0
6190	0
1790	0
1114	0
6151	-1
6027	0
2407	1
4335	2
3640	1
6001	-1
5513	2
2000	-1
3802	0
1349	0
7073	0
3061	0
580	0
6677	0
5024	0
6936	0
1112	2
3174	2
2678	1
6783	1
990	0
3141	-2
3350	0
6208	0
2175	0
4365	1
2075	1
5366	0
178	2
5156	0
1764	0
3464	0
1220	0
6399	0
2751	2
1955	0
1083	1
1157	0
7233	1
184	0
6330	0
1218	2
4732	0
6227	0
7413	1
5411	2
1402	2
2735	1
4192	1
819	1
1903	2
7087	0
3371	2
911	0
6003	0
684	1
2420	0
2395	2
1738	0
3813	0
7061	1
737	0
5089	1
6477	1
6357	0
2744	0
4368	2
1954	1
4107	1
6867	0
7110	1
6060	-1
732	0
2542	1
5033	1
546	0
2254	0
4859	0
4627	0
7164	1
3780	0
1258	0
5250	2
5079	1
4714	1
1104	2
5786	0
3033	1
7022	1
3030	0
5681	2
4961	1
3829	-1
1462	2
2238	0
5973	2
728	0
3066	2
3676	2
314	-1
2399	0
2869	1
1968	1
363	1
31	0
6885	0
4010	0
4176	2
4489	0
931	0
201	0
2387	2
4741	-1
948	0
4316	0
1550	0
2821	2
6638	0
3869	1
1182	1
2814	0
6067	0
6960	0
6861	-1
4146	-1
3819	0
5692	0
3612	1
1923	2
2902	2
5580	-1
6808	0
3387	2
5427	2
2577	1
3610	1
1771	0
1993	2
5094	1
4398	-2
3967	-1
3564	0
4106	1
10	2
5881	-1
4299	0
4269	1
5661	2
5184	0
5107	2
4633	0
505	1
3418	0
4745	-1
3003	1
2381	0
4904	-1
2419	0
6117	0
5861	2
3063	1
6161	0
7082	0
3275	2
132	-1
601	0
4151	2
63	2
3605	1
5683	0
5581	1
5813	2
6394	-1
91	2
4471	1
1128	2
6374	1
4149	1
6688	1
2280	2
3105	0
2708	2
3805	-1
4765	1
7151	1
514	-1
3470	0
871	1
2656	2
6157	1
764	1
5768	1
6502	2
3541	0
2461	0
3332	0
2122	2
6237	-1
5060	1
1408	0
644	1
6104	0
3615	0
6625	-1
1350	2
6614	1
6199	1
1636	-1
3951	0
3606	1
4795	2
3852	0
7055	0
394	1
4707	0
6442	2
2771	0
6996	0
5312	1
3765	1
966	0
213	0
5215	2
168	1
2888	0
4441	2
2084	1
7257	0
5266	0
562	1
5826	1
6463	1
4350	0
3705	-1
4232	2
1735	1
1346	2
40	2
2382	1
583	0
3935	0
3778	0
5206	1
2376	1
3257	0
7273	0
64	0
3787	0
2237	0
1055	0
261	1
6498	1
6350	0
5042	0
865	1
6619	1
2456	0
5803	1
5874	1
6710	0
5152	2
3768	2
3177	0
1243	1
3863	0
2838	1
1950	2
7099	0
221	1
912	0
6071	2
3336	1
2752	2
451	0
6339	0
2600	1
1796	0
1424	2
110	-1
6484	1
5202	1
4136	1
5108	2
5750	-2
2493	-1
2496	0
1655	2
2200	0
3906	0
1543	0
5687	1
2440	1
4825	2
3585	2
2281	0
6291	0
2018	0
5609	2
5960	0
3386	1
5352	-1
6087	1
753	0
6099	0
1452	0
2173	0
2811	0
3435	-1
5515	0
2221	-1
6158	1
1785	1
2152	0
1512	-1
881	0
3118	0
4901	1
1425	0
6242	0
6611	1
2736	1
2043	1
6143	0
4345	2
6923	0
1812	0
1596	0
2783	1
816	1
5208	0
20	1
6814	0
2179	0
3851	-1
3467	0
2848	1
4196	-1
1546	-1
6232	0
3079	0
6632	0
4777	1
1854	0
2873	-1
616	1
6570	-1
5965	-1
4439	1
5176	-1
1768	0
7406	0
1336	0
1222	1
4430	0
2354	-1
2658	1
2403	0
2095	0
1143	0
4808	1
1490	0
6963	0
6373	0
7354	0
4061	1
6480	0
2868	1
3152	1
77	2
2470	0
4630	2
5831	0
5000	-1
6571	0
3385	1
6508	0
6418	0
6395	2
6216	0
7019	1
4944	2
4130	1
6740	0
3523	1
3821	0
612	0
2328	0
6656	0
746	2
3465	0
4208	0
5101	-1
5191	0
1161	0
3902	0
6685	1
7100	0
2069	0
6862	0
5998	1
3641	-1
6906	-1
6842	1
4747	0
2364	0
3719	1
3973	1
2465	0
7381	0
6787	1
7313	2
1483	2
6979	0
2191	1
7092	0
1717	2
6020	1
2651	1
2279	1
7136	1
2808	0
3405	-1
4667	0
5625	0
5640	1
4123	1
3096	1
3084	0
6265	1
6354	0
4833	1
3180	2
4702	-1
6008	0
6430	0
5669	2
5920	1
4570	0
3767	1
2614	2
6077	1
776	0
5090	0
5198	-1
4216	0
3278	1
3638	2
4641	0
1895	1
4563	1
4041	0
7156	0
3749	1
689	-1
1237	0
3709	1
1164	0
6757	-1
7	2
896	0
47	0
3236	-1
1537	2
2249	1
3750	0
2081	2
2858	0
653	2
7355	-1
5134	0
2494	-1
2459	0
947	0
6924	0
1730	0
95	1
5878	1
2795	1
1456	1
1489	2
5978	-1
3701	0
2367	1
1562	0
265	1
5103	0
7130	0
2174	1
1515	2
4941	0
1232	0
4574	1
6497	0
3764	0
2108	0
7011	1
3243	2
5242	0
1600	1
2949	1
6828	0
3471	0
1680	0
5186	0
1173	0
190	0
687	2
3116	0
3788	0
6225	1
1301	2
3897	0
3176	0
2784	2
5314	1
602	0
1994	2
317	2
1948	0
7070	0
3490	1
2253	1
5225	0
3809	-1
4285	-1
70	1
6754	0
4734	0
3923	2
1860	2
2853	0
2447	1
1079	0
395	0
3239	-1
3269	-1
5493	1
5560	0
76	2
6194	0
3043	1
7401	0
2185	1
6658	1
2384	0
3469	2
418	0
5877	0
5782	1
4252	0
915	0
945	0
3083	0
5724	2
1651	0
3309	1
4512	0
780	2
4528	0
3853	0
2878	1
2104	0
6189	-1
7328	-1
5842	1
1945	0
530	1
6943	1
3038	2
1564	0
7182	0
2449	1
4359	0
4236	0
6209	1
207	0
1782	2
5808	0
763	1
7049	0
2142	1
3886	0
4254	-1
6230	1
2296	0
510	0
2511	0
4167	-2
2048	1
6050	1
1851	0
5982	2
3022	0
4450	-1
6464	1
939	1
1036	1
4867	0
5817	0
710	0
4262	2
5005	-1
6769	0
3645	0
6065	0
3983	1
2023	1
3011	2
7129	1
3326	0
4928	2
5841	-1
5921	0
1329	0
4688	0
3205	1
6815	0
1941	1
5969	-1
4683	1
2401	2
1311	0
975	1
7356	-1
3267	0
2433	1
4889	0
6219	0
3899	2
587	1
6461	1
5512	1
7098	1
7409	1
6926	0
1616	1
617	1
3140	-2
3972	-1
2126	2
148	1
7006	1
4329	0
7340	1
4631	0
2835	0
3451	0
665	-1
3836	0
6326	0
3783	0
7012	0
1965	-1
1992	0
3193	0
3067	2
1906	1
5170	2
1915	2
6914	-1
5904	0
5077	0
1678	0
375	0
5441	1
762	2
675	0
303	0
2176	0
7079	0
1926	1
6229	0
6876	0
7309	1
3456	0
3856	-1
5200	1
4927	2
2487	0
2779	0
6566	0
559	1
3554	2
5911	0
5952	-1
3149	-1
7333	0
3288	2
6144	-1
2198	0
343	1
3498	2
1011	1
6238	0
6261	0
7155	1
3403	2
1763	0
3892	-1
4042	0
2502	2
6315	2
7085	0
5446	-2
3314	0
3600	-1
3687	0
4943	-1
4636	1
655	1
285	0
7186	-1
391	0
3199	2
4505	-1
1685	0
4698	2
6040	0
5967	1
3543	0
1433	0
1554	0
5876	0
3944	0
4500	-2
5027	1
1314	0
3876	0
5689	1
6701	1
1574	1
544	-1
5114	2
1082	2
1257	2
271	1
5334	1
3533	2
4978	1
4198	2
3494	0
5244	2
3145	2
3132	1
5317	2
1970	1
5961	1
5588	-1
5686	2
6407	1
5065	-1
1200	1
5133	2
1315	0
1353	0
7190	0
7329	2
4347	2
5058	-1
1683	2
1686	2
407	0
1999	0
6318	1
6403	0
1624	1
4547	1
1318	1
83	0
4319	1
6766	2
6386	0
3178	2
1106	1
7360	0
354	0
1471	1
4002	0
6381	1
192	1
1427	0
3597	1
2865	0
5855	0
6698	1
6266	1
3896	0
4848	2
743	0
4322	0
6198	1
1484	2
7007	0
6410	0
3089	1
5938	-1
4774	1
4906	2
4638	1
6865	1
3525	1
1436	2
2480	1
969	0
2233	2
7272	1
5851	0
2189	0
4593	0
5807	2
5097	2
3473	2
7169	0
6293	0
6317	1
424	0
101	0
5641	0
556	1
3287	0
5845	0
3389	1
4778	-1
6689	1
548	2
3095	2
2482	0
5082	1
350	0
6934	0
6210	0
2806	0
2439	1
3396	1
5009	1
4019	0
413	0
950	0
6400	0
401	1
2398	2
270	0
733	0
6415	0
2500	-1
4606	1
5008	0
722	1
7352	-1
476	1
3345	0
322	0
4682	2
6204	0
5767	2
478	0
5635	-1
1520	0
6514	1
4058	0
3115	2
6835	1
1136	2
6930	0
6630	2
319	2
1439	2
3998	0
4248	0
4036	-1
5704	2
2068	0
5367	0
5342	0
2768	1
4648	0
773	1
3390	2
1292	1
1160	0
7216	2
4253	-1
1633	0
4247	1
5310	-1
1095	1
4896	2
3599	0
3185	2
5642	-1
3296	0
5360	1
2096	0
6927	-1
4355	2
336	0
5420	-1
6583	0
1880	0
3416	2
6064	1
6805	1
7357	0
5163	0
7235	-1
1884	0
200	0
1103	1
7138	0
4962	0
1303	0
6641	-1
5004	0
3693	1
4557	0
2318	2
5593	0
4520	-1
4348	2
1603	0
1692	0
1762	-1
6782	2
4177	-1
4421	0
598	0
6518	0
5759	-1
5550	1
59	0
203	0
92	1
129	0
3844	-1
5785	1
5599	1
5752	0
6724	1
5392	1
5853	1
4551	0
551	-1
2891	1
3552	1
7141	0
769	2
5854	1
146	0
4942	-2
715	1
1615	2
5657	1
2094	0
1428	2
5805	0
3092	0
4504	-1
4373	2
384	0
3207	1
603	0
3062	0
3417	-1
5707	1
6061	1
3111	0
6022	0
7392	1
7295	-1
5069	0
6986	1
6170	0
5711	0
5048	1
4260	0
6101	0
5344	-1
4188	2
5442	-1
1453	0
2539	1
2670	0
2612	0
4973	1
1523	1
7220	2
4538	2
3530	0
7118	0
1593	1
5197	-1
3290	1
1986	0
2227	1
6604	1
4199	1
4205	0
2348	1
6471	1
488	1
2563	-1
2370	0
2277	0
5646	2
5222	0
2894	1
1029	0
3398	0
3916	-1
5151	1
6398	2
4154	0
1115	0
2429	0
4509	1
7322	1
383	0
17	1
5362	0
6582	2
1876	2
6802	1
4640	0
3690	0
6894	1
263	0
3475	2
6957	2
364	0
4879	1
7142	-1
2753	0
3324	0
7250	0
4960	1
7170	0
2631	-1
5551	2
5564	1
6047	0
5304	-1
4427	1
6342	0
3804	2
4845	-1
3747	1
3008	0
6643	2
2102	1
6624	0
426	0
4539	2
2989	1
3588	2
558	2
2396	2
1799	0
493	0
571	0
5346	0
5483	1
463	0
2668	2
6553	0
144	0
1668	1
1953	0
2661	1
3549	1
2285	1
6947	0
2850	0
5336	2
3058	0
2615	1
444	1
4757	0
596	0
5149	2
5698	1
2302	1
4908	2
2957	2
3887	0
5602	2
3262	0
3710	2
3312	0
1758	1
1313	1
5022	0
105	1
630	0
4124	1
3874	-1
4434	1
3432	0
34	0
6716	1
6912	0
4884	1
7175	0
197	1
4964	0
3123	1
5076	-1
2007	0
666	0
5458	2
5073	1
6866	0
4028	1
1688	1
5010	0
5369	0
836	0
6839	1
584	0
5353	0
359	0
5594	1
2593	0
2345	1
3450	-1
5504	0
3131	2
4621	-1
825	1
4721	0
2969	2
1108	1
30	0
1959	-1
1177	2
1985	1
2763	0
2890	0
1071	2
7315	2
2443	1
7342	1
3800	0
6706	1
3571	1
1372	1
1302	0
1640	2
2013	0
791	0
6540	0
7338	1
3595	-1
632	-1
5384	0
2750	2
4366	1
4991	0
6858	-1
729	1
5699	2
4479	1
1949	0
1458	1
2938	1
6633	0
1396	1
922	2
1093	0
5775	0
1418	1
5984	1
6156	0
4801	1
406	0
7158	1
3761	1
4410	1
6313	2
1892	2
5795	2
6809	0
7016	0
2952	1
5126	0
1873	0
2421	0
6617	1
4862	-1
5480	0
3489	2
7254	2
1942	0
6878	1
4494	-1
6165	0
5833	0
3707	0
1767	0
4955	0
5547	0
1629	2
1026	0
5575	-1
4560	1
4294	0
7411	1
4604	2
6707	0
3124	1
4662	0
2336	0
5479	1
5956	0
1225	0
6426	1
3965	0
2205	0
2706	0
4703	0
6773	2
6900	-1
3281	1
4313	0
5007	0
268	0
1229	2
5303	1
6391	0
3423	1
5875	1
3154	0
3346	1
1031	2
2645	-1
1299	1
3406	1
3666	-1
4594	0
2610	0
779	1
339	0
4072	0
5001	0
5028	1
6692	0
5068	0
4250	0
355	1
7348	2
760	1
7002	0
2717	0
5118	-1
2134	0
1585	1
3360	-1
5285	2
683	0
2405	0
79	2
905	-1
4999	0
2356	0
4231	2
6283	0
5119	0
6549	2
4082	0
4914	1
6670	0
5672	2
1755	0
1802	0
5144	1
2169	0
103	1
6987	0
6375	1
5950	0
3654	2
2597	-1
2424	0
2817	0
1387	0
1727	2
778	1
4789	1
6693	2
2886	1
7336	0
5534	-1
1407	1
1517	2
3812	-1
4437	-1
2726	0
7393	1
5913	0
6663	0
4256	-1
2683	2
1825	0
4799	2
1827	1
4882	-1
4152	0
999	1
614	0
4689	2
2919	0
2839	1
191	2
3212	0
6889	1
7162	1
3584	1
3402	-1
5645	2
5343	0
7358	-1
1004	0
1749	0
1221	0
826	0
3229	0
1293	2
3518	-1
4750	2
2548	0
7105	-1
7148	0
7278	0
6052	-1
3319	0
1725	0
5011	1
4802	0
2775	0
5954	0
640	1
3496	1
4351	1
838	1
2371	0
5725	2
12	0
5365	0
4397	-2
6031	0
6893	-1
6513	1
2217	0
4011	0
6476	2
5713	0
6011	1
2262	-2
7324	1
1399	0
7294	0
1412	2
245	1
5234	1
6133	0
5485	1
279	1
6447	0
6675	0
4784	0
6083	0
4276	0
709	1
2939	2
3378	1
5254	1
2087	0
1163	0
4983	1
1072	1
1807	0
3259	0
6984	1
237	0
2344	1
6954	-1
5693	-1
4078	2
6325	-1
25	2
1928	0
6649	0
943	0
782	0
6191	-1
5988	2
5135	1
927	0
4307	-1
3023	0
4422	0
1502	2
7380	1
898	0
5262	1
872	0
574	0
5230	2
402	1
3444	-1
3922	0
5333	1
5181	1
5603	2
909	1
1819	0
1765	0
2859	0
4888	0
4855	-1
1871	0
6086	0
3623	1
5966	0
2704	1
2967	0
4842	1
629	1
1841	0
2098	-1
4034	-1
2133	0
2335	1
3436	1
866	1
6911	2
4550	0
5993	1
6636	-1
2823	2
6594	0
7030	1
3252	1
3832	2
7218	1
6076	1
342	0
6005	-1
149	1
98	0
1064	0
4407	2
60	2
3347	1
2183	1
3273	2
5595	-1
3277	2
1169	0
3338	-1
4069	2
7047	0
3522	1
6347	0
5525	0
976	2
445	1
1637	0
4200	0
4679	1
3969	0
4005	0
5885	-1
5374	0
3445	2
1028	0
2209	-1
6933	0
6511	2
2366	-1
4044	-1
5576	0
3411	2
3419	0
5794	-1
2777	0
3567	-1
4287	1
3082	0
3150	2
6428	2
3590	1
1933	1
4622	2
1390	1
3909	0
6228	1
6475	1
125	1
2340	2
668	1
4771	1
4936	0
731	0
5213	2
2857	0
4588	2
5307	1
1076	2
1133	2
3091	0
919	0
5331	1
4915	1
1544	0
6587	2
4751	2
4063	0
127	2
4300	1
5592	1
275	1
1465	1
1539	1
1414	0
1485	-1
3430	-1
1422	1
1449	1
1051	2
4673	2
1240	1
4994	0
6493	0
7327	1
3801	0
1386	2
3181	2
4736	0
6722	0
2802	0
589	2
3784	0
2921	-1
717	0
86	2
6843	1
3394	0
2271	2
2924	-1
3665	0
6538	0
1568	0
641	0
805	0
6197	0
7326	-1
3056	0
6857	2
6548	-1
1809	0
4076	0
3165	1
7408	2
4699	2
3254	-2
6720	1
5980	1
3315	0
3392	0
2125	2
5701	0
6458	0
739	0
6333	0
4174	0
7412	0
984	1
6142	-1
6220	-1
1290	0
3867	0
7225	1
5299	0
2583	-1
1657	2
2508	1
368	0
1094	1
6150	0
1010	0
2933	2
1117	0
5836	-1
3414	1
561	1
3255	0
6236	-1
1063	1
2070	1
890	0
7232	2
2672	1
6790	1
4361	0
1205	0
147	2
1726	0
6137	0
6331	0
331	0
2355	1
2515	2
1440	1
6935	0
1708	0
5793	2
554	0
913	0
1885	0
277	0
4035	-1
7395	1
4457	2
4666	1
3934	1
3662	0
4343	0
1158	0
6184	0
628	1
6355	1
6970	1
4059	0
6007	0
2140	2
6666	1
4270	-1
6671	2
7200	1
5248	0
4417	1
7359	0
5814	0
635	1
777	2
4760	2
1146	0
2910	1
2002	-1
6744	1
1175	0
3497	1
5227	2
2555	1
4258	-1
308	0
5363	2
7108	-1
1135	2
6092	0
5002	0
3849	0
6973	0
7013	0
134	0
4073	0
1047	2
4119	0
202	0
6672	1
3090	1
6233	-1
2034	2
3592	0
1507	1
376	-1
2213	0
4754	1
29	1
4979	0
1504	1
1032	2
1070	0
3372	-1
4873	1
7191	1
1578	0
3988	0
7165	1
5527	-1
6517	1
1742	0
2107	0
681	0
6645	1
2011	1
5301	0
5587	-1
5189	2
5371	0
3461	2
3841	0
365	1
1821	0
1538	0
624	0
4045	0
1547	-1
1363	0
4330	1
645	1
3625	1
1745	-1
2915	0
2243	2
2313	0
6016	0
6856	1
7000	0
808	-1
552	0
6029	0
5727	-1
2339	2
5405	0
6937	0
5143	0
5658	1
6147	1
4571	2
7369	0
1201	1
6252	0
814	-1
2058	0
357	0
3727	2
3401	0
4923	2
5111	-1
1709	2
781	1
7345	1
6770	1
1119	0
2239	1
3691	0
310	0
4656	-1
1545	2
511	-1
5327	2
892	2
157	1
296	0
5329	0
6085	0
7039	0
4974	0
4071	1
745	1
1900	2
929	1
5630	0
5852	2
7081	1
974	0
1557	1
1887	1
2504	1
6173	2
5684	1
6271	0
1178	0
622	-1
5139	1
6110	0
2079	2
3941	-1
5541	2
2955	1
6268	0
4953	1
1514	0
1835	0
4160	2
4569	1
2807	0
3696	0
5761	2
869	1
3580	2
1179	1
3870	-1
7107	0
6873	1
5749	-2
4874	1
6804	1
6980	0
5323	1
6887	1
269	0
4685	0
5802	1
436	1
2979	1
5682	1
5414	2
7228	0
6074	1
7297	0
851	1
1455	1
1958	1
2444	0
5319	0
159	2
2682	0
3664	0
186	1
1021	2
705	0
5553	0
187	2
985	2
4744	-1
2257	1
3266	0
2983	1
3847	0
5702	2
6332	1
431	0
4958	2
6274	0
7037	-1
2836	0
7050	0
1943	0
6686	1
4255	0
525	-1
4800	0
7383	0
164	1
5892	0
6516	1
7385	0
2430	0
5815	0
6545	-2
4798	1
957	-1
699	1
5585	1
3448	0
4568	2
2863	0
5751	0
4132	1
2201	1
3669	1
1931	2
6748	1
1991	1
3883	-1
5488	0
2195	0
4692	1
5338	0
1966	1
2484	0
4108	-1
2380	1
3868	1
3317	0
7112	0
6578	1
7213	0
3717	0
6215	-1
6422	0
5084	2
6312	2
452	-1
6827	0
3754	2
1956	0
381	1
2691	1
3253	2
6902	1
2984	1
2679	1
3006	2
894	0
4875	1
2619	0
6584	1
917	1
4401	-1
5486	2
1393	0
5633	1
1054	0
4670	2
4470	2
3716	-1
7095	1
2052	1
5194	0
118	1
6821	2
7135	0
5297	1
610	1
4785	2
6445	0
3903	0
1794	1
1447	1
7384	0
5313	2
5265	0
5286	1
3037	0
6811	-1
4001	0
5456	2
3745	0
686	0
5703	0
5055	-1
4328	1
5797	0
1606	2
5659	2
5178	-1
993	0
2326	1
940	0
2074	1
2824	2
49	0
1586	0
369	0
1919	-1
4790	0
3291	0
2710	0
7041	0
2050	0
883	1
4015	1
5873	1
6396	2
5996	1
5469	1
3441	0
5040	0
4412	0
42	0
5964	1
6416	0
7283	0
6715	2
6218	0
4222	-1
6522	2
1761	0
2190	2
674	0
7023	1
353	0
497	1
2121	2
539	0
5660	2
3703	-1
6847	-1
3156	2
1939	0
2826	0
5074	1
1779	0
7084	0
3536	0
2514	0
6054	0
2780	1
5748	0
3015	2
2663	0
5823	1
1914	2
5431	1
3007	1
6901	1
2346	-1
2535	0
1861	0
1500	0
502	2
6483	0
604	0
5289	0
2843	0
6387	0
7292	-1
1541	0
3457	-1
3796	2
6107	0
6884	0
2256	0
435	0
2962	0
752	2
1811	0
5260	0
803	0
1893	1
2005	2
6519	2
7058	0
5670	1
1155	0
1097	1
7341	1
5093	0
5735	0
2524	1
2035	2
6290	0
2787	2
2945	1
7344	0
6714	0
3364	1
5629	1
515	1
4690	1
4402	0
3817	1
1881	1
4619	-2
5508	1
5337	1
4971	0
3901	-1
6470	1
5900	0
7366	0
4837	2
2522	0
807	0
3263	1
182	0
4562	0
7299	0
1750	0
792	1
5571	1
1716	2
4929	0
1510	1
7025	0
482	1
5721	2
7048	0
2801	2
1060	2
5644	-1
5923	0
26	0
5994	2
1508	0
954	1
3427	2
447	0
1142	0
4573	-1
6938	0
5974	2
7259	0
6822	1
567	0
6437	0
2635	2
4194	2
4922	-1
2167	2
4828	1
620	1
1153	0
2479	1
282	0
5544	2
2282	0
1088	0
6177	1
1052	1
5706	0
6105	0
3842	0
4065	1
2646	-1
2164	0
680	1
3310	0
224	1
5924	2
2105	0
5929	0
4376	1
1838	0
6439	1
1442	1
4903	1
1369	1
2885	0
2163	0
7308	0
7128	1
2452	-1
6602	1
1	1
6728	0
860	0
820	-1
6155	1
3940	-1
1752	0
5210	2
367	0
5211	1
2006	2
5012	0
1662	-1
3249	2
4110	0
1283	0
7410	1
4483	2
6257	0
4273	0
1366	1
82	0
3776	0
4312	1
1612	1
1801	-1
6365	1
120	0
1415	0
4611	0
6726	1
2153	0
2715	2
5447	0
2427	1
801	0
7353	-1
5417	1
4490	0
3352	1
4204	0
6551	1
6764	0
3073	0
2229	1
2521	1
7255	1
1069	0
1469	1
726	2
0	0
6125	2
1451	1
4104	0
5755	1
6527	0
7072	0
4615	0
4651	0
4400	-1
5257	1
3175	0
2119	0
2756	1
4158	2
5723	2
6577	1
2887	1
5468	2
5382	-1
6820	2
456	0
7106	0
2883	1
2097	0
1656	2
6944	2
995	1
5451	2
4155	1
864	-1
2044	2
6687	0
1495	1
1597	0
1367	0
2932	-1
6285	0
2567	0
7382	0
4925	1
3924	1
3848	-1
4415	2
2483	1
6948	0
823	1
5561	2
89	0
3305	0
69	0
5419	0
4461	0
2272	0
2594	-1
2872	1
5501	1
3959	0
1445	0
837	1
3712	0
3833	-2
1438	0
7265	-1
3538	1
1839	0
3320	-1
3306	0
852	1
5238	2
6863	-1
3261	2
6864	-1
7331	-1
479	1
1371	1
1288	0
5678	1
716	0
1756	1
1167	0
238	1
2488	2
3215	0
2330	0
4492	0
4832	2
2085	0
5081	2
6487	0
6925	1
3	0
5779	0
579	2
7311	1
2729	1
3919	1
3137	0
5999	2
3222	2
4084	1
136	0
874	1
5887	0
2033	1
1016	0
6440	2
212	2
4436	0
3143	1
2510	0
5897	2
1395	1
3635	1
3714	-1
7287	-1
3103	0
3989	2
22	1
427	2
6367	0
1617	1
3619	1
3963	2
5936	0
6111	0
155	1
6998	1
1962	2
2310	1
4748	1
4561	0
3607	-1
6860	-1
2106	0
5521	-1
4050	2
952	0
5907	0
4331	0
3004	1
2994	1
853	1
4939	0
3333	1
4320	0
1180	1
6438	1
5631	-1
3781	0
2570	0
6182	0
4210	2
5277	1
1673	2
1551	1
3839	1
7405	0
809	-1
4428	0
6441	-1
2716	1
5558	2
5057	0
6537	-1
27	2
4170	0
1246	0
1731	1
1271	0
1675	1
6321	2
6942	1
2178	1
793	0
334	2
3113	0
1978	0
1416	1
3591	-1
6559	1
3563	0
6985	1
2231	0
6123	1
1632	0
5436	2
2394	0
1896	0
4826	1
3894	0
578	0
7076	-1
3157	0
171	-1
362	1
2516	1
4077	1
2415	1
6116	0
5087	2
701	0
3065	0
4051	1
6895	1
6524	0
3354	1
3511	0
3981	0
7097	1
4740	-1
4292	1
1411	0
2372	1
1287	0
6267	0
5426	0
4902	2
4333	0
3732	0
6975	0
2970	0
6673	-1
3858	-1
1030	0
2066	0
1478	2
2216	0
7067	0
6362	0
2975	2
1899	0
4773	-1
177	2
5315	0
360	0
642	1
5440	0
4353	2
5747	1
4993	0
844	1
1584	2
193	2
1364	1
6833	1
4137	1
2341	1
7160	1
3191	-1
4926	1
3891	0
2373	0
537	0
1368	1
5029	0
6004	-1
3272	1
5470	1
5372	2
7034	0
5462	2
3766	1
4947	1
4334	-1
7217	0
1472	0
1066	0
4932	2
7020	1
3187	0
6741	0
5368	1
7184	0
6443	1
3265	2
6207	1
3510	1
1602	0
3381	1
4722	0
7109	0
2331	0
3223	0
7335	1
4140	1
4317	1
6421	0
1211	2
6568	-1
4419	2
5148	0
2414	1
2274	0
2718	1
1123	0
4053	0
1432	0
4626	0
2160	2
19	0
3708	2
4318	0
6453	0
495	0
1361	1
5465	1
742	0
2605	1
3939	0
6341	0
1650	1
1690	0
289	0
4038	-1
2320	0
2630	-1
2700	1
4992	0
7363	0
4986	1
65	0
4163	0
5963	2
1224	2
2478	1
3702	0
5450	1
1576	1
5505	0
2566	-1
97	1
6871	2
5844	-1
4625	0
286	0
2332	1
2136	0
4184	1
2786	0
5324	2
7088	0
7242	0
5269	1
5990	1
4860	1
1435	2
6700	0
3785	0
7318	1
6149	1
5927	1
114	1
5088	1
6838	-2
1140	0
521	-1
5818	0
6113	0
2520	1
7270	0
492	0
5131	0
902	0
634	1
3294	0
5908	1
5199	2
5503	1
4088	-1
878	1
1822	1
4431	0
392	0
7139	0
7038	-1
5381	1
3976	0
5256	1
2311	2
5390	0
1638	2
215	0
5091	0
1724	0
5496	0
2543	0
6343	0
390	0
2436	1
5406	1
220	2
5972	2
991	0
2030	1
1332	0
6096	1
5827	-1
643	1
804	0
2918	0
3966	0
2300	0
4985	2
6500	2
2321	1
1660	1
2734	1
4836	2
3763	1
2308	-1
4459	0
5511	0
7289	-1
4465	2
378	0
5976	0
4893	0
233	2
3268	0
2904	2
1934	2
4168	-1
3234	-1
5848	0
7390	1
4759	0
1776	0
3520	0
6405	0
6485	0
5236	0
1925	0
648	1
6509	2
5705	2
5478	1
1667	1
3734	-1
2312	1
6175	0
3282	2
3271	-1
2117	0
1952	1
3583	1
7209	2
934	2
2854	0
5949	2
6093	0
5132	2
2273	1
1863	0
4583	0
4111	2
2161	0
3197	2
3999	-1
2892	-1
7388	1
5063	0
5542	1
5840	-1
5679	2
1189	0
5780	2
1406	0
2876	0
1534	0
5031	2
349	1
115	2
6941	1
4103	1
518	0
1342	0
7066	0
5783	-1
3407	2
2677	0
3151	1
532	0
4513	0
3171	2
566	1
5579	0
4257	-1
3628	1
6662	0
5491	1
1528	2
6846	2
2773	0
4445	-1
5059	-1
2686	1
2063	0
613	0
3760	1
1699	2
5120	0
1587	1
3260	1
4375	1
1337	1
4068	2
5070	2
75	2
761	0
980	1
5433	2
2649	0
6683	1
6989	0
4057	0
2960	1
6253	0
4655	0
4075	1
5697	2
3566	2
5865	0
6495	-1
6877	-1
3609	0
964	1
53	0
6429	0
4809	0
2764	0
1388	0
2032	1
6496	2
1748	0
2606	1
7063	0
6036	1
2192	0
5016	0
639	1
2422	1
4770	1
188	2
4243	-1
67	2
6526	1
6525	1
6596	0
4093	0
7068	0
1247	-1
5523	0
708	1
5554	2
2109	0
5146	0
4767	0
2124	1
6048	-1
1310	0
4240	0
5655	1
3743	0
1437	1
594	-1
6760	2
6713	0
1773	0
1413	1
4717	0
4653	1
6432	0
2792	0
3039	2
316	1
6723	0
3351	0
1430	1
926	0
4954	0
1601	1
5894	1
6888	-1
5445	2
4164	2
5790	1
5951	-1
1389	1
7210	0
1997	1
2731	2
446	0
3777	0
1256	0
1558	0
6035	0
5302	2
3201	2
6890	1
1308	2
1862	0
246	1
2575	1
6302	0
2770	0
7394	1
6279	0
4545	1
2236	2
5955	2
4195	0
501	0
7021	1
1491	2
6213	1
1335	1
949	0
7302	1
7205	0
4440	0
6651	1
5023	0
1951	0
3674	-1
4823	0
4586	1
1560	0
7282	0
326	0
1907	2
4565	0
6118	1
5092	1
5880	-1
3917	1
3349	2
6450	1
4881	-1
4711	1
4390	1
4877	1
4810	2
4453	1
3099	1
4466	0
672	-1
3412	2
3550	1
1107	0
503	2
845	1
5789	2
1511	-1
5647	1
1121	1
5183	0
7396	2
3358	0
4590	2
4738	1
2244	0
6082	-1
99	1
358	0
2974	1
1672	1
3374	0
6069	0
5638	2
6613	1
5423	1
4905	1
7031	0
5962	2
4367	2
6382	0
706	1
5358	1
2250	-1
877	1
32	0
6068	-1
2893	-1
572	1
924	1
2925	1
3225	0
5425	-1
222	-1
5032	2
3078	0
3772	0
5018	-1
1689	1
688	0
3634	0
6091	0
1005	1
824	1
4438	2
1357	0
3158	0
4181	1
3602	0
3400	1
7132	0
5663	1
473	0
4054	2
5763	0
6655	0
714	2
618	1
4858	1
205	0
3344	1
7277	1
2621	2
1233	0
553	2
2692	0
766	1
74	1
5986	1
4669	0
5356	0
3069	1
2690	0
1983	2
2073	0
4541	0
3779	0
2761	1
2168	-1
1398	0
3377	1
3301	1
6974	0
3871	0
4003	0
1687	2
5495	1
4646	1
2809	1
5720	2
2709	2
6195	0
6761	0
5771	-1
5432	2
531	1
4086	2
6250	0
4592	2
3854	0
4112	2
467	-1
6955	2
428	1
1154	0
3476	1
506	1
2564	1
5901	0
4596	1
1216	1
4786	1
2170	0
6338	0
5489	0
1081	1
6109	0
3303	1
3313	0
5567	2
5020	0
1891	1
6510	2
470	0
1326	1
1532	0
7172	1
2626	-1
1037	0
3877	-1
2798	0
4838	2
2211	1
828	0
4030	0
901	0
1572	1
4211	2
2368	0
4635	0
7159	0
5239	2
818	2
2145	0
4788	1
2980	1
7035	0
329	0
4283	0
1886	0
4291	0
4085	0
3028	1
7227	-1
3581	1
2056	2
5778	0
5224	2
1352	0
595	1
4295	2
3001	0
3698	2
5847	0
5591	1
3000	0
6075	0
4384	-1
204	1
6114	0
4203	0
5373	1
6212	0
5328	0
3682	2
5378	2
3492	-1
3481	-1
2657	2
5977	0
2088	2
4793	0
4134	1
658	-1
1649	1
3453	0
2045	1
7123	0
3383	0
2654	0
4869	1
5945	0
606	1
5764	0
3931	0
6994	0
2530	0
994	0
1141	0
5160	0
3598	-1
4100	-1
4314	2
5171	0
2946	1
2375	1
696	1
6108	0
6567	0
3447	1
6166	0
4518	2
6292	0
6610	0
4052	0
475	2
5628	2
4610	0
5610	1
2545	0
4694	0
6738	0
3031	1
5490	0
1910	2
6940	1
6699	1
7188	-1
3440	0
2880	0
2463	1
5632	1
2929	1
3742	2
3678	1
1522	0
7260	1
3446	1
500	1
2797	0
1552	0
4278	0
2632	-1
1338	0
420	1
1818	1
3646	0
1783	2
1360	1
751	1
3895	0
621	-1
340	1
2418	1
430	0
491	1
4531	0
3986	1
39	0
3824	-1
260	0
6192	0
4737	0
3524	2
1341	0
4325	1
1888	0
4048	1
3051	1
5309	0
6348	0
6874	1
6196	0
507	0
1608	1
7018	1
7284	1
3186	-1
3109	0
3081	0
2182	0
944	1
918	0
2120	1
6684	2
1191	0
4382	2
4534	0
1805	0
3147	2
477	0
1013	2
4511	0
5232	2
2762	0
3458	0
2561	-1
7251	1
6535	2
4776	1
3681	0
5766	0
6969	0
7337	1
1235	2
744	1
5618	2
1215	2
5806	1
2616	2
3744	1
1228	0
4990	1
4728	0
1168	0
2625	-1
4189	2
1239	0
5787	0
3738	1
5650	1
3622	2
560	1
2655	-1
2323	1
3513	1
6168	1
5196	0
1307	2
1780	0
1721	0
1569	0
2552	1
7198	1
2584	0
6849	1
5549	1
6162	0
5361	0
1766	0
3650	1
1810	0
4484	1
1127	1
287	2
2874	0
4388	2
4612	2
6612	0
3830	1
1197	1
2684	1
2551	0
6353	0
3502	2
1583	-1
7010	0
6977	0
4150	2
4017	0
5415	2
487	2
5124	2
1540	1
3726	-1
2998	0
5526	0
2647	1
485	2
5477	0
4806	0
1190	1
2151	1
4708	1
1000	0
3341	1
3054	2
7386	2
916	0
3695	-1
3927	-1
4996	0
6457	0
6094	0
3648	0
2038	0
4817	2
1932	0
4127	1
767	1
3161	0
4762	2
6616	0
1877	2
6364	1
4519	1
829	1
5207	0
2793	0
4897	0
5061	0
6627	0
2072	1
1598	1
4105	0
2930	0
5916	0
4597	0
541	1
2135	0
3188	1
1719	1
5879	1
1012	1
399	0
4023	1
1828	0
4678	1
4008	2
4945	0
4733	-1
6910	1
2497	-1
4644	1
6796	0
4607	0
1714	0
1145	0
1417	1
921	1
6678	1
1204	-1
3932	0
7144	0
7197	2
7077	0
1664	0
6845	1
5604	2
4148	-1
6392	-1
7258	1
3013	2
5080	-1
2298	2
3170	1
3307	0
3491	0
2453	1
2694	1
5246	-1
3996	0
1322	2
3241	0
5228	1
2531	2
796	0
3752	0
313	-1
6046	1
7330	1
3589	1
4887	0
1798	0
6248	0
1645	2
955	0
4792	0
2550	-1
2352	1
5444	1
842	1
4803	0
6100	0
6494	-1
1248	0
2947	0
3433	0
2906	1
2464	2
1165	0
568	0
2822	2
1684	0
3248	0
6949	0
7288	1
3680	0
1642	2
5264	2
5502	-1
3221	-1
33	0
1937	0
6148	1
3933	-1
4982	0
5271	2
2137	0
2351	2
1087	0
6063	-1
3274	1
5263	0
886	2
458	0
5267	0
5129	0
5416	0
443	0
4847	1
3797	-1
6489	-1
6352	1
4559	0
1989	2
5626	0
1988	1
4691	0
3426	1
6327	0
5233	1
4349	2
3018	1
4274	-1
4920	1
4830	1
1977	0
979	1
1865	0
3711	0
3997	0
2688	-1
4031	0
772	2
3808	1
4064	1
6306	1
3289	1
232	0
3244	1
4202	-2
4046	-1
152	0
4218	2
5179	0
2288	-1
6772	1
2613	1
3298	0
227	0
6756	0
6555	1
4850	2
4849	-1
7103	0
1038	1
2740	-1
4244	0
5379	2
1938	0
3960	0
4618	2
3235	1
6711	0
4602	0
6180	1
958	0
4969	0
576	2
6695	0
5812	0
7091	0
4749	0
6303	0
615	0
2469	2
6881	1
972	0
1374	0
3183	0
6223	0
2901	2
5722	1
2754	0
5399	0
5203	1
2666	1
3573	0
3208	2
3526	1
486	0
5385	2
3302	2
2961	1
3873	2
1264	0
3616	1
4451	-1
2242	1
7059	0
4510	0
5370	2
7147	0
4344	1
85	1
2042	1
108	1
5717	-1
3146	0
1199	0
1621	2
3068	0
3437	-1
3501	1
4567	1
3535	0
1853	1
899	0
3339	1
1102	0
4553	1
183	0
5917	0
6745	2
181	0
1741	0
1184	1
4624	1
5062	1
697	0
6774	0
4916	-1
1788	0
857	0
1397	0
5476	0
822	0
6193	-1
2870	1
3912	-1
2650	0
3308	0
3009	1
226	0
6848	-1
2977	0
5487	-1
3882	0
1260	0
3968	0
5510	0
1091	0
71	0
1166	0
1778	1
1705	2
2158	1
2794	0
707	0
2468	1
3828	-1
5050	-1
5270	0
1354	0
2324	1
5531	2
2579	2
2582	0
6951	2
4527	0
4998	0
5856	1
325	0
3814	0
5943	0
2047	1
3908	0
3228	1
3823	1
6078	0
7226	0
3480	-1
988	1
5664	2
2327	0
4303	1
2322	1
936	1
104	1
4668	0
2769	1
7268	1
6586	-1
6183	-1
9	2
657	0
6637	1
4719	-1
1646	0
1151	0
2061	0
2845	0
5522	0
7334	1
2611	1
4301	1
5106	0
4364	2
7126	0
2507	2
6742	0
5788	0
4308	0
4885	1
4540	2
1521	1
6844	1
4883	1
1613	1
5348	2
5463	2
1429	-1
5685	2
6564	-1
7001	1
3074	0
5354	0
6115	0
4271	0
4501	1
5835	0
4261	2
1733	0
6310	-1
5695	1
5839	0
1852	0
410	1
5906	0
7397	1
5293	0
2252	1
3632	0
4693	0
1641	2
3179	1
6639	0
6129	1
1878	0
1125	0
3954	1
7104	0
3093	2
3184	0
1704	0
6328	0
4727	2
2258	1
1826	1
6120	2
1344	0
1698	2
441	0
2315	-1
7244	0
3657	2
4661	0
6034	0
3203	0
2325	2
1718	1
4829	2
4371	1
3811	0
4581	2
1284	0
1864	0
5281	0
2389	1
3016	0
6299	1
5899	0
6417	0
2664	0
6501	2
3508	1
802	0
4756	0
6479	1
5958	0
3499	2
3102	0
6188	-1
5830	1
6928	1
4458	0
408	0
651	2
7074	0
6794	0
3449	2
5030	0
2578	1
6009	0
6731	1
4029	0
2202	1
1566	0
4807	2
565	1
4033	0
2996	1
3292	2
3904	0
1740	2
6644	0
7391	0
734	0
6749	1
3284	0
272	1
7163	1
4977	0
5529	-1
1434	2
7102	0
5136	-1
1634	0
7015	0
1014	1
771	1
2473	0
1195	2
5318	1
6217	0
2871	0
2964	0
4219	2
5278	1
2477	-1
880	1
847	2
1700	2
6988	0
412	0
6898	-1
1661	2
6301	0
111	1
3980	1
6719	1
6946	2
2471	0
3233	1
4780	2
1817	0
2210	0
2897	0
2501	1
1492	1
6752	2
4907	0
4474	0
5760	0
2766	0
6134	2
6369	2
2	0
3217	0
4843	-1
1846	-1
7137	0
4720	-1
2772	1
3388	-1
3762	0
2357	0
5573	1
3559	1
332	0
2856	0
6296	0
4293	2
3649	2
1057	0
4572	2
6346	-1
973	-1
3425	2
5829	1
876	0
5220	1
4851	0
591	0
3578	2
2866	0
2222	-1
6466	1
1132	0
81	2
4899	-1
307	0
6017	0
1531	1
133	-1
7371	1
2316	2
795	2
462	1
4395	-1
4282	2
3672	-1
7171	1
889	0
783	1
3373	0
6635	1
2707	0
4161	0
433	1
231	0
3245	2
5666	2
3572	0
3527	0
1149	0
4523	-1
664	0
3677	2
3232	2
1829	0
3875	0
1627	0
4234	-1
2287	2
2235	0
4157	2
6179	1
3224	1
3101	0
1671	1
284	0
4	1
143	2
141	2
3911	1
2742	0
4413	0
4912	-1
377	0
862	0
172	0
854	1
2149	0
405	2
1050	1
6256	0
3130	0
7154	1
7230	1
216	1
4614	1
3528	0
2269	0
2064	0
6668	0
3220	0
8	2
1450	0
1423	1
4821	0
4135	2
6308	2
6573	1
4605	2
249	1
2513	1
102	0
1266	1
4297	1
7296	1
5273	1
1982	-1
6389	1
4101	2
5948	1
6739	0
1555	0
5858	2
3731	2
5915	0
7189	0
50	0
6968	1
1874	2
2512	1
4931	1
1033	2
6859	-1
981	0
4475	2
4280	-1
5719	1
2674	2
1159	0
388	2
6033	0
7285	0
4938	-1
2159	1
6324	1
3133	2
2827	-1
6039	0
6240	0
294	1
5155	0
1446	2
523	0
1804	1
66	1
3642	1
1875	0
3943	0
1324	-1
4726	1
3688	1
2973	2
5940	0
2462	1
4818	2
6676	0
295	1
7009	0
3718	0
3792	0
534	0
1548	1
138	2
2895	0
6665	1
5870	1
5051	2
2148	2
790	1
2572	-1
1217	1
328	0
3558	2
5467	2
770	2
3420	2
6956	1
5776	0
6132	0
1897	2
6995	0
4109	0
3047	2
244	0
7367	0
1831	0
4880	0
6523	0
3120	2
7071	0
7145	0
1516	2
1732	0
4952	0
195	1
1806	1
2723	0
5409	1
312	1
6795	-1
3741	2
460	2
3577	2
2920	1
4047	1
6146	1
4332	1
3860	2
5862	0
4239	-1
5168	0
386	0
4642	0
2009	0
608	0
6000	0
1605	2
5003	0
4871	2
1670	1
1219	0
1526	2
4425	-1
1323	0
6830	0
44	0
3036	1
5574	-1
6272	0
4846	1
4016	0
3070	1
2036	1
2617	2
122	1
7343	2
5557	2
5258	1
3318	-1
2900	0
3774	-1
1595	0
2015	0
5882	0
5910	0
2224	0
3167	2
5846	0
3557	1
5639	2
409	0
3355	2
3478	0
6983	1
660	1
4286	-1
798	0
2747	1
3807	0
3771	0
2972	1
2782	1
7262	0
5555	2
1792	0
4959	1
2441	0
5193	1
4841	2
5241	1
4595	0
6079	0
5838	-1
3574	2
2622	1
759	0
5221	1
1501	0
2131	1
2571	-1
6436	0
3514	2
1273	0
3810	-1
2993	0
4340	0
6735	1
5583	0
6784	-1
6145	0
4443	0
6609	1
3942	-1
1967	0
2559	-2
7064	0
3216	0
5520	1
6585	-1
2434	0
5052	2
154	0
2586	2
4405	2
290	1
3770	1
7029	0
2103	0
5712	2
1403	1
6452	-1
239	1
5543	1
5514	2
6793	0
6264	0
7402	2
1249	2
6127	0
7269	0
6554	0
663	1
4866	-1
650	1
4178	-1
7028	0
4183	-1
4755	-1
6037	0
6819	0
5249	2
7183	0
223	2
1499	0
3910	-1
1652	2
3639	1
3279	2
6205	0
3348	2
2722	1
4215	2
1728	2
2218	-1
6734	2
3256	2
280	0
2458	1
3251	1
1198	0
4731	0
1905	2
5539	2
5422	0
5279	1
1003	0
6245	0
5667	1
2701	0
276	0
3611	2
5562	1
7027	1
2350	2
5438	1
1476	1
6961	0
5253	1
3304	1
2490	-1
5941	0
787	2
4186	0
4324	1
4229	1
6319	2
6187	0
3486	1
5113	1
1467	2
4532	-1
2181	0
4039	1
4020	0
811	-1
3820	0
3210	-1
4491	2
2832	-1
2026	0
1789	1
3949	2
2446	0
7377	0
3866	2
465	0
3076	2
6588	1
4263	0
2812	-1
28	1
291	1
6491	-2
4486	2
6010	0
4956	0
3885	0
3138	-1
1697	0
1460	0
2912	0
1849	2
1669	1
2671	1
3250	-1
6465	1
1647	2
914	0
4009	1
2829	-1
7317	2
61	1
6269	0
6653	2
2916	0
3106	1
3516	1
5137	2
6015	0
449	1
1100	0
3825	0
4249	2
1270	0
4951	2
6404	0
1580	2
6414	0
24	1
3134	-1
2031	0
7321	1
4783	0
6789	0
685	0
3753	0
4006	2
162	2
3587	-1
5668	2
6482	2
1610	0
4933	2
344	1
1084	0
5824	2
661	0
1058	0
3553	0
3539	0
6997	1
1803	0
1105	1
372	1
2985	1
971	0
6098	1
7167	2
4963	1
4599	2
1187	1
3596	2
90	0
1043	2
1961	1
5235	-1
283	1
2187	0
1898	0
1209	0
3506	1
4508	1
3209	-1
1833	0
6747	0
6141	0
6966	0
564	1
2790	1
2816	0
106	0
2667	0
6025	0
4477	0
2746	0
5671	1
2739	0
4396	-1
690	2
691	0
3555	1
6167	2
1481	2
6732	0
6280	0
3561	0
3479	1
3786	0
2486	0
7387	0
5837	-1
3782	0
4315	0
1090	1
1373	0
6028	0
346	0
5047	0
5582	2
3881	0
7133	0
7271	1
5454	2
254	0
4156	-1
6263	0
550	1
5038	0
5649	1
2089	1
868	1
7166	0
2705	0
6446	0
581	0
3125	0
2968	1
5546	2
712	1
4228	0
5665	1
371	2
2995	2
3097	1
5758	2
3462	1
1385	2
3270	0
5223	2
4524	-1
305	2
1024	2
1065	1
1800	0
6765	1
2820	1
481	1
5507	0
2624	2
7131	0
6896	0
6958	0
4543	2
4681	0
573	1
6469	1
1384	1
694	1
5472	1
6872	0
4911	-1
1781	0
1791	1
5167	2
5568	0
3126	0
4775	1
3918	1
5970	-1
6449	1
2454	1
7275	1
1162	0
3601	-1
1754	1
2951	-1
4613	2
5688	2
4684	0
861	0
6812	0
5180	0
2680	1
6419	-1
5872	0
2404	0
6385	1
1599	2
4032	1
6049	1
6778	-1
2758	1
4230	0
5726	2
2884	0
5100	2
4115	0
693	0
907	0
3920	-1
1946	0
4080	2
6276	0
7298	0
4272	1
348	0
813	-1
6690	1
3280	1
3159	2
2627	2
7124	1
5798	0
6222	-1
2289	2
6359	0
5959	2
3198	1
6855	1
2922	0
3002	2
2450	1
2914	1
6521	1
4191	1
1255	1
3679	0
56	0
1150	0
417	1
6042	-1
4472	0
4579	2
1770	1
5464	2
1002	0
4245	1
5298	1
4772	0
2261	0
4043	-1
4488	1
2592	1
1319	1
2618	2
5112	0
1676	2
6879	0
3493	0
4864	-1
2162	0
1706	2
194	1
4647	0
956	0
6119	2
5822	1
3337	1
2219	1
3995	1
374	0
1639	0
5321	0
4763	2
2393	2
1883	0
3930	1
5653	2
5652	2
5867	2
989	1
7301	0
4584	0
6952	0
2378	1
815	0
6907	-1
3246	2
6913	2
5891	1
7350	1
400	0
5175	0
582	0
6286	0
6234	1
5311	1
4687	1
768	0
6899	0
5598	-1
6284	0
3859	0
2648	2
756	2
5499	2
3321	-1
2903	1
4835	2
2199	0
6300	0
6259	0
1694	2
586	0
5351	0
2633	1
2833	1
337	-1
4370	1
2956	1
3368	-1
5261	1
5548	2
2882	1
3890	0
711	1
5893	2
5098	2
3928	-1
6682	1
1813	0
1282	1
7053	0
2760	2
4481	2
6420	0
6880	1
4965	-1
2093	1
4275	-1
1085	0
4026	0
3442	-1
218	1
3196	1
4548	-1
6089	0
6829	0
5287	0
68	1
6932	0
5662	0
3945	-1
6978	0
5355	0
7014	0
139	1
4546	0
1185	2
3100	0
3985	-1
6366	-1
5322	1
6201	-1
3049	0
1976	0
126	0
4092	-1
6721	1
3724	2
5559	2
4917	2
5347	2
3395	0
2623	0
6703	1
1658	1
2745	1
4533	0
7052	0
3240	1
1498	0
5219	1
5535	-1
5569	1
1049	1
3982	1
2931	0
2067	0
4118	0
2138	0
330	0
257	0
1842	0
6791	1
5162	2
3953	0
2640	0
6371	-1
549	2
5753	-1
2959	1
3110	2
2644	0
2408	0
1628	0
5714	-2
3242	1
6152	1
4416	0
2423	0
2852	2
7400	2
2562	-1
2432	1
3735	-1
3898	-1
6376	1
758	0
6503	0
6817	0
1654	-2
6103	0
4600	2
593	0
4634	0
1695	2
7261	1
3424	0
2248	0
1702	1
4796	0
4404	1
5453	0
1981	1
387	1
176	1
414	0
1524	0
5150	2
3189	1
6823	1
3926	0
2881	0
1278	0
6023	0
4455	2
2774	0
1343	0
6211	0
882	0
5781	2
2825	1
5141	2
5578	0
1375	1
6413	0
4659	-1
830	2
1859	2
4383	-1
774	-1
2937	1
6792	1
6992	0
1814	-1
2215	-1
1227	0
6247	0
1317	1
5743	2
4654	0
5021	0
5607	0
6451	1
6282	0
1381	0
535	1
5375	2
6130	0
347	0
7143	0
293	0
1488	2
2590	1
3915	0
2146	1
542	0
527	-1
3838	2
165	0
4381	2
2156	1
2474	0
5056	0
1129	0
932	0
3107	0
3905	0
1713	1
3624	0
6121	2
2204	1
2936	1
3629	1
135	2
6370	1
2732	1
6785	0
2092	0
3075	0
7046	0
1894	0
321	1
3531	-1
36	0
2898	2
6434	0
2942	0
1592	0
4393	1
516	1
6262	0
2810	1
1152	0
4587	0
611	0
2544	0
1262	1
3964	2
3434	-1
4675	1
6112	0
713	1
1701	2
2609	0
432	0
6136	0
1957	-1
1549	1
4919	0
5518	2
3948	1
6154	2
4824	0
1464	0
5214	1
2155	1
2533	0
6759	0
4876	1
7349	2
1370	1
2738	0
4087	0
7306	2
1536	0
2687	0
3057	2
2875	-2
5291	-1
4791	0
741	0
6615	1
6056	1
4695	0
6648	0
3700	0
2113	0
4536	2
137	1
1331	0
1457	2
4976	-1
906	-1
900	1
1715	0
6019	1
1533	2
2129	1
2065	2
1391	0
2077	2
5944	0
4671	1
6529	0
160	0
4853	-1
7243	0
2383	1
352	1
1226	2
4460	0
2391	1
2506	2
2712	1
7389	0
810	-1
6768	2
1844	0
3329	1
1623	0
6070	0
6174	0
1769	2
4686	-1
3504	1
4281	-1
2260	2
3237	0
6462	1
2913	1
4411	0
5736	0
6618	0
5387	0
7304	-2
4081	1
2062	-1
5316	1
6909	0
380	2
678	1
4639	0
5494	-1
3295	1
978	1
2867	0
5804	1
3617	-1
2010	1
2489	0
2428	1
6425	0
3684	2
6634	1
2652	1
5272	0
2519	2
4362	2
4021	1
4444	1
879	1
1565	0
320	0
749	1
1382	2
1944	0
4537	1
3404	2
6224	0
5762	0
5622	0
1202	1
3547	1
946	0
3495	0
6562	-1
5566	0
4242	0
1607	0
4338	1
5734	0
5216	2
6762	2
3658	1
3633	-1
1542	1
156	0
1960	1
4628	2
3921	-1
1181	2
1969	1
6543	2
3485	1
7231	0
6601	1
1744	1
1320	0
3311	1
4126	1
5809	1
3845	-1
5174	1
4372	2
302	2
4680	0
6825	0
5773	2
4705	0
6128	2
800	-1
3258	-1
4089	0
4710	2
6185	0
3443	-1
2029	1
794	0
489	-1
6492	-2
3575	2
4122	0
2565	-1
7339	1
7003	0
2638	0
5987	2
1312	2
7223	1
4576	0
2406	0
6254	0
7239	2
1461	2
2139	1
1285	0
4067	1
2831	2
4060	2
2601	1
2861	-1
4237	2
605	1
2194	1
673	0
1707	0
3529	2
1208	2
5325	1
2338	1
2076	1
1527	0
6203	0
4913	-1
6281	0
3806	0
3040	2
2342	1
3293	1
6556	1
1729	0
1786	2
4380	0
7221	1
6750	2
4950	0
7372	2
2410	0
1857	0
1392	0
5185	0
3586	2
4854	1
46	2
4327	1
700	0
6755	0
2628	2
1836	0
923	1
2568	-1
4197	2
