	0
0	1
1	2
2	0
3	0
4	1
5	1
6	0
7	2
8	2
9	-1
10	0
11	1
12	1
13	0
14	1
15	-1
16	2
17	2
18	0
19	2
20	2
21	2
22	2
23	2
24	0
25	2
26	0
27	-1
28	2
29	1
30	0
31	-2
32	0
33	2
34	0
35	-1
36	-1
37	1
38	1
39	0
40	-1
41	1
42	-1
43	0
44	0
45	1
46	1
47	0
48	0
49	2
50	1
51	1
52	1
53	0
54	1
55	2
56	1
57	0
58	1
59	-1
60	1
61	1
62	0
63	0
64	0
65	0
66	0
67	0
68	0
69	0
70	0
71	2
72	0
73	-1
74	0
75	1
76	-1
77	0
78	1
79	-1
80	0
81	0
82	1
83	1
84	-1
85	2
86	0
87	0
88	-1
89	1
90	1
91	2
92	0
93	2
94	0
95	0
96	0
97	0
98	-1
99	-1
100	-1
101	1
102	0
103	0
104	0
105	2
106	2
107	2
108	1
109	0
110	2
111	1
112	0
113	-1
114	-2
115	0
116	0
117	0
118	2
119	0
120	0
121	2
122	1
123	1
124	-1
125	0
126	1
127	1
128	-1
129	0
130	2
131	1
132	0
133	1
134	0
135	1
136	0
137	2
138	0
139	2
140	0
141	1
142	2
143	0
144	-1
145	0
146	2
147	0
148	0
149	1
150	-1
151	0
152	2
153	1
154	2
155	2
156	0
157	0
158	0
159	1
160	1
161	0
162	0
163	-1
164	0
165	0
166	2
167	0
168	0
169	2
170	1
171	2
172	0
173	1
174	1
175	0
176	1
177	0
178	1
179	0
180	0
181	0
182	0
183	0
184	1
185	2
186	0
187	-1
188	1
189	1
190	1
191	2
192	0
193	1
194	1
195	0
196	1
197	2
198	-1
199	-1
200	1
201	0
202	1
203	-1
204	1
205	0
206	0
207	2
208	1
209	2
210	0
211	1
212	2
213	0
214	2
215	-1
216	0
217	2
218	0
219	-1
220	-1
221	0
222	2
223	2
224	0
225	-1
226	0
227	1
228	2
229	1
230	2
231	-1
232	2
233	2
234	2
235	0
236	0
237	0
238	1
239	1
240	1
241	0
242	0
243	0
244	-1
245	-1
246	1
247	0
248	0
249	-1
250	1
251	1
252	0
253	2
254	-1
255	1
256	1
257	0
258	1
259	0
260	1
261	0
262	0
263	0
264	1
265	0
266	1
267	0
268	1
269	0
270	1
271	2
272	-1
273	0
274	0
275	0
276	0
277	2
278	0
279	1
280	0
281	-1
282	0
283	2
284	0
285	0
286	0
287	0
288	0
289	0
290	1
291	1
292	1
293	0
294	0
295	2
296	0
297	0
298	0
299	2
300	-1
301	0
302	2
303	0
304	1
305	0
306	2
307	2
308	2
309	0
310	2
311	0
312	-1
313	1
314	2
315	1
316	1
317	1
318	2
319	1
320	0
321	2
322	1
323	0
324	-1
325	1
326	0
327	1
328	0
329	0
330	1
331	-1
332	1
333	1
334	0
335	0
336	1
337	1
338	0
339	1
340	-1
341	2
342	0
343	-1
344	0
345	1
346	0
347	2
348	-1
349	1
350	1
351	0
352	2
353	2
354	0
355	1
356	1
357	1
358	-1
359	2
360	0
361	0
362	-1
363	1
364	0
365	2
366	0
367	2
368	2
369	2
370	2
371	1
372	0
373	1
374	0
375	2
376	0
377	0
378	1
379	2
380	2
381	1
382	-1
383	2
384	0
385	1
386	0
387	0
388	2
389	0
390	0
391	1
392	0
393	1
394	1
395	0
396	2
397	2
398	0
399	0
400	0
401	1
402	1
403	-1
404	2
405	0
406	1
407	0
408	1
409	0
410	1
411	0
412	0
413	1
414	1
415	0
416	0
417	1
418	1
419	0
420	0
421	1
422	1
423	-1
424	2
425	1
426	0
427	1
428	-1
429	1
430	1
431	0
432	1
433	1
434	1
435	1
436	2
437	1
438	2
439	0
440	1
441	0
442	0
443	-1
444	0
445	-1
446	1
447	2
448	0
449	1
450	0
451	0
452	0
453	1
454	0
455	1
456	1
457	1
458	0
459	0
460	1
461	0
462	-1
463	1
464	0
465	0
466	1
467	1
468	1
469	2
470	1
471	2
472	1
473	1
474	0
475	0
476	0
477	0
478	1
479	1
480	0
481	-1
482	2
483	2
484	2
485	0
486	1
487	2
488	0
489	1
490	2
491	0
492	0
493	0
494	2
495	-1
496	2
497	0
498	0
499	1
500	1
501	2
502	2
503	0
504	1
505	0
506	0
507	2
508	1
509	1
510	2
511	2
512	1
513	0
514	1
515	0
516	-1
517	2
518	0
519	0
520	2
521	1
522	-1
523	0
524	0
525	0
526	2
527	0
528	0
529	0
530	1
531	1
532	0
533	1
534	2
535	1
536	2
537	2
538	2
539	2
540	2
541	2
542	0
543	0
544	0
545	0
546	1
547	2
548	1
549	0
550	-1
551	1
552	1
553	1
554	0
555	1
556	1
557	1
558	0
559	0
560	2
561	0
562	0
563	2
564	1
565	1
566	1
567	0
568	1
569	0
570	0
571	2
572	0
573	1
574	0
575	2
576	0
577	0
578	2
579	1
580	0
581	2
582	-1
583	0
584	0
585	1
586	1
587	1
588	0
589	1
590	0
591	2
592	0
593	-1
594	0
595	2
596	0
597	0
598	-1
599	0
600	0
601	0
602	2
603	-1
604	0
605	1
606	0
607	0
608	0
609	0
610	0
611	1
612	0
613	1
614	0
615	0
616	1
617	0
618	0
619	0
620	0
621	1
622	0
623	2
624	0
625	0
626	0
627	0
628	0
629	2
630	0
631	2
632	0
633	1
634	2
635	1
636	1
637	0
638	1
639	1
640	0
641	-1
642	0
643	-1
644	1
645	0
646	1
647	1
648	0
649	0
650	0
651	1
652	2
653	1
654	1
655	2
656	2
657	1
658	2
659	-1
660	-1
661	1
662	1
663	0
664	2
665	1
666	1
667	1
668	0
669	0
670	0
671	2
672	0
673	0
674	1
675	1
676	0
677	-1
678	0
679	2
680	1
681	-1
682	0
683	0
684	1
685	1
686	0
687	-1
688	1
689	1
690	0
691	-1
692	0
693	1
694	1
695	1
696	0
697	1
698	0
699	2
700	0
701	0
702	1
703	0
704	0
705	-1
706	1
707	2
708	0
709	0
710	1
711	1
712	1
713	-1
714	2
715	0
716	0
717	0
718	1
719	-1
720	0
721	2
722	0
723	1
724	0
725	0
726	0
727	2
728	0
729	2
730	1
731	0
732	2
733	0
734	0
735	1
736	2
737	2
738	2
739	1
740	1
741	2
742	2
743	0
744	0
745	1
746	0
747	2
748	0
749	1
750	0
751	0
752	2
753	1
754	-1
755	0
756	0
757	0
758	0
759	-1
760	0
761	1
762	-1
763	1
764	0
765	0
766	0
767	1
768	2
769	1
770	-1
771	2
772	2
773	2
774	0
775	0
776	-1
777	0
778	0
779	0
780	0
781	-1
782	-1
783	2
784	0
785	0
786	0
787	1
788	1
789	-1
790	0
791	0
792	1
793	1
794	0
795	1
796	2
797	0
798	0
799	0
800	0
801	1
802	-1
803	0
804	2
805	0
806	0
807	0
808	0
809	1
810	0
811	2
812	1
813	0
814	1
815	0
816	-1
817	2
818	0
819	1
820	1
821	1
822	1
823	1
824	0
825	1
826	1
827	1
828	1
829	0
830	0
831	1
832	0
833	1
834	0
835	2
836	0
837	0
838	-1
839	0
840	0
841	-1
842	1
843	1
844	1
845	0
846	1
847	1
848	0
849	2
850	0
851	1
852	2
853	1
854	0
855	1
856	0
857	1
858	-1
859	0
860	0
861	0
862	1
863	0
864	2
865	0
866	2
867	-1
868	0
869	0
870	-1
871	0
872	1
873	0
874	0
875	2
876	0
877	1
878	0
879	1
880	2
881	0
882	-1
883	0
884	1
885	0
886	0
887	-2
888	0
889	2
890	2
891	-2
892	2
893	0
894	0
895	1
896	0
897	1
898	1
899	2
900	1
901	0
902	0
903	0
904	1
905	0
906	2
907	0
908	0
909	0
910	2
911	1
912	1
913	-1
914	1
915	1
916	2
917	0
918	-1
919	-1
920	2
921	1
922	0
923	0
924	0
925	2
926	-1
927	1
928	0
929	0
930	1
931	1
932	0
933	0
934	0
935	1
936	1
937	1
938	0
939	0
940	0
941	0
942	2
943	1
944	1
945	0
946	1
947	0
948	1
949	1
950	-1
951	0
952	0
953	0
954	0
955	1
956	0
957	1
958	0
959	0
960	-1
961	0
962	2
963	2
964	0
965	0
966	0
967	2
968	0
969	0
970	2
971	-1
972	0
973	1
974	0
975	0
976	0
977	2
978	1
979	1
980	0
981	0
982	2
983	1
984	2
985	2
986	0
987	-1
988	0
989	0
990	-1
991	0
992	0
993	0
994	2
995	1
996	0
997	2
998	2
999	2
1000	1
1001	2
1002	2
1003	2
1004	0
1005	1
1006	0
1007	0
1008	0
1009	1
1010	1
1011	0
1012	2
1013	0
1014	0
1015	1
1016	-1
1017	0
1018	0
1019	0
1020	2
1021	0
1022	0
1023	0
1024	1
1025	2
1026	2
1027	1
1028	1
1029	-1
1030	0
1031	1
1032	0
1033	0
1034	2
1035	0
1036	0
1037	0
1038	1
1039	0
1040	0
1041	1
1042	1
1043	0
1044	0
1045	0
1046	0
1047	0
1048	2
1049	1
1050	-1
1051	1
1052	0
1053	0
1054	2
1055	0
1056	2
1057	2
1058	0
1059	0
1060	0
1061	1
1062	0
1063	1
1064	2
1065	0
1066	0
1067	0
1068	0
1069	2
1070	0
1071	1
1072	1
1073	0
1074	-1
1075	-1
1076	1
1077	-1
1078	0
1079	-1
1080	2
1081	0
1082	1
1083	2
1084	-1
1085	2
1086	2
1087	2
1088	1
1089	0
1090	0
1091	-1
1092	0
1093	1
1094	1
1095	0
1096	0
1097	0
1098	1
1099	2
1100	0
1101	2
1102	1
1103	2
1104	1
1105	2
1106	1
1107	0
1108	1
1109	1
1110	0
1111	2
1112	0
1113	0
1114	1
1115	1
1116	0
1117	2
1118	1
1119	0
1120	1
1121	0
1122	2
1123	1
1124	1
1125	0
1126	2
1127	0
1128	1
1129	-1
1130	1
1131	0
1132	2
1133	0
1134	0
1135	0
1136	1
1137	0
1138	2
1139	0
1140	1
1141	0
1142	1
1143	0
1144	0
1145	0
1146	2
1147	2
1148	1
1149	-1
1150	0
1151	1
1152	1
1153	-1
1154	-1
1155	0
1156	1
1157	1
1158	0
1159	0
1160	0
1161	2
1162	0
1163	0
1164	0
1165	-1
1166	1
1167	-1
1168	-1
1169	1
1170	0
1171	0
1172	1
1173	0
1174	2
1175	2
1176	-1
1177	0
1178	2
1179	1
1180	1
1181	1
1182	1
1183	-1
1184	0
1185	1
1186	-2
1187	1
1188	0
1189	2
1190	0
1191	2
1192	0
1193	1
1194	0
1195	0
1196	0
1197	1
1198	-1
1199	2
1200	0
1201	2
1202	-1
1203	0
1204	-2
1205	0
1206	2
1207	-1
1208	0
1209	2
1210	0
1211	0
1212	2
1213	1
1214	1
1215	2
1216	0
1217	1
1218	0
1219	0
1220	1
1221	1
1222	1
1223	0
1224	0
1225	0
1226	1
1227	-1
1228	-1
1229	1
1230	-1
1231	0
1232	2
1233	1
1234	1
1235	2
1236	2
1237	0
1238	1
1239	2
1240	0
1241	1
1242	0
1243	0
1244	0
1245	0
1246	2
1247	-1
1248	0
1249	0
1250	2
1251	1
1252	2
1253	0
1254	0
1255	-1
1256	1
1257	2
1258	0
1259	1
1260	0
1261	0
1262	0
1263	2
1264	2
1265	1
1266	1
1267	1
1268	0
1269	0
1270	1
1271	0
1272	0
1273	0
1274	0
1275	0
1276	0
1277	0
1278	0
1279	-1
1280	0
1281	2
1282	0
1283	1
1284	0
1285	1
1286	0
1287	0
1288	2
1289	0
1290	1
1291	2
1292	2
1293	0
1294	0
1295	0
1296	0
1297	0
1298	1
1299	1
1300	-1
1301	1
1302	2
1303	2
1304	-1
1305	0
1306	1
1307	1
1308	1
1309	0
1310	0
1311	1
1312	0
1313	1
1314	0
1315	1
1316	0
1317	2
1318	0
1319	-1
1320	2
1321	0
1322	1
1323	1
1324	0
1325	1
1326	1
1327	0
1328	0
1329	1
1330	0
1331	1
1332	0
1333	0
1334	0
1335	0
1336	0
1337	-1
1338	2
1339	-1
1340	1
1341	1
1342	1
1343	0
1344	1
1345	0
1346	-1
1347	1
1348	2
1349	0
1350	2
1351	0
1352	1
1353	0
1354	0
1355	1
1356	0
1357	0
1358	1
1359	0
1360	0
1361	2
1362	0
1363	2
1364	0
1365	0
1366	0
1367	0
1368	0
1369	1
1370	-1
1371	0
1372	0
1373	0
1374	0
1375	1
1376	2
1377	1
1378	0
1379	0
1380	1
1381	0
1382	2
1383	2
1384	0
1385	0
1386	0
1387	0
1388	-1
1389	0
1390	1
1391	0
1392	2
1393	0
1394	1
1395	1
1396	1
1397	2
1398	1
1399	-1
1400	0
1401	-1
1402	0
1403	1
1404	2
1405	-2
1406	1
1407	-1
1408	0
1409	1
1410	1
1411	1
1412	1
1413	1
1414	2
1415	1
1416	1
1417	0
1418	1
1419	0
1420	2
1421	1
1422	0
1423	1
1424	1
1425	2
1426	0
1427	0
1428	1
1429	2
1430	1
1431	1
1432	0
1433	2
1434	-1
1435	1
1436	0
1437	0
1438	1
1439	-1
1440	0
1441	0
1442	2
1443	0
1444	0
1445	-1
1446	-1
1447	0
1448	0
1449	0
1450	0
1451	1
1452	0
1453	2
1454	0
1455	0
1456	0
1457	1
1458	0
1459	0
1460	2
1461	0
1462	0
1463	1
1464	1
1465	0
1466	2
1467	2
1468	1
1469	1
1470	0
1471	1
1472	2
1473	1
1474	2
1475	0
1476	1
1477	0
1478	0
1479	1
1480	0
1481	0
1482	1
1483	2
1484	0
1485	1
1486	1
1487	0
1488	0
1489	1
1490	0
1491	0
1492	1
1493	1
1494	2
1495	2
1496	1
1497	-1
1498	2
1499	2
1500	0
1501	2
1502	1
1503	1
1504	0
1505	1
1506	0
1507	1
1508	-1
1509	-1
1510	-1
1511	0
1512	0
1513	2
1514	-1
1515	1
1516	-1
1517	1
1518	-1
1519	0
1520	0
1521	2
1522	1
1523	0
1524	0
1525	2
1526	1
1527	1
1528	1
1529	0
1530	0
1531	1
1532	0
1533	0
1534	-1
1535	0
1536	0
1537	0
1538	0
1539	1
1540	0
1541	2
1542	2
1543	0
1544	1
1545	-1
1546	0
1547	0
1548	0
1549	1
1550	0
1551	-1
1552	1
1553	1
1554	0
1555	0
1556	2
1557	0
1558	0
1559	0
1560	2
1561	2
1562	1
1563	2
1564	0
1565	-1
1566	0
1567	1
1568	0
1569	-1
1570	1
1571	0
1572	2
1573	1
1574	1
1575	0
1576	0
1577	1
1578	1
1579	1
1580	-1
1581	1
1582	0
1583	2
1584	1
1585	1
1586	0
1587	2
1588	0
1589	-1
1590	0
1591	0
1592	0
1593	1
1594	1
1595	2
1596	0
1597	0
1598	0
1599	2
1600	1
1601	-1
1602	1
1603	0
1604	2
1605	-1
1606	1
1607	1
1608	0
1609	2
1610	0
1611	1
1612	1
1613	1
1614	1
1615	2
1616	1
1617	1
1618	2
1619	-1
1620	0
1621	2
1622	0
1623	2
1624	0
1625	0
1626	0
1627	-1
1628	0
1629	1
1630	1
1631	1
1632	1
1633	2
1634	0
1635	1
1636	1
1637	1
1638	1
1639	2
1640	0
1641	0
1642	0
1643	1
1644	-1
1645	1
1646	0
1647	2
1648	1
1649	0
1650	0
1651	2
1652	0
1653	0
1654	0
1655	0
1656	2
1657	1
1658	-1
1659	-1
1660	1
1661	1
1662	0
1663	0
1664	0
1665	0
1666	-1
1667	0
1668	0
1669	1
1670	0
1671	2
1672	0
1673	1
1674	1
1675	1
1676	0
1677	0
1678	0
1679	1
1680	0
1681	1
1682	1
1683	1
1684	1
1685	1
1686	1
1687	0
1688	2
1689	1
1690	2
1691	2
1692	2
1693	0
1694	0
1695	1
1696	0
1697	0
1698	1
1699	1
1700	0
1701	0
1702	0
1703	1
1704	0
1705	1
1706	1
1707	0
1708	2
1709	0
1710	0
1711	2
1712	0
1713	1
1714	0
1715	0
1716	2
1717	2
1718	0
1719	1
1720	2
1721	2
1722	0
1723	1
1724	1
1725	1
1726	2
1727	1
1728	0
1729	0
1730	-1
1731	1
1732	2
1733	0
1734	0
1735	1
1736	0
1737	0
1738	0
1739	1
1740	0
1741	1
1742	-1
1743	0
1744	0
1745	-1
1746	2
1747	0
1748	0
1749	1
1750	0
1751	1
1752	1
1753	-1
1754	0
1755	-1
1756	0
1757	0
1758	0
1759	0
1760	0
1761	0
1762	-2
1763	2
1764	2
1765	-1
1766	1
1767	1
1768	0
1769	0
1770	0
1771	2
1772	-1
1773	0
1774	1
1775	2
1776	1
1777	2
1778	-1
1779	0
1780	2
1781	1
1782	2
1783	0
1784	1
1785	0
1786	0
1787	-2
1788	1
1789	1
1790	1
1791	0
1792	2
1793	0
1794	1
1795	1
1796	1
1797	0
1798	0
1799	1
1800	0
1801	1
1802	0
1803	0
1804	0
1805	1
1806	2
1807	0
1808	1
1809	0
1810	0
1811	0
1812	0
1813	0
1814	-1
1815	1
1816	0
1817	2
1818	0
1819	0
1820	1
1821	0
1822	2
1823	0
1824	1
1825	0
1826	0
1827	1
1828	0
1829	1
1830	0
1831	2
1832	2
1833	0
1834	0
1835	0
1836	0
1837	0
1838	0
1839	0
1840	-1
1841	0
1842	1
1843	0
1844	2
1845	0
1846	1
1847	0
1848	0
1849	2
1850	0
1851	0
1852	0
1853	1
1854	1
1855	2
1856	1
1857	1
1858	0
1859	0
1860	1
1861	1
1862	0
1863	1
1864	-1
1865	0
1866	0
1867	2
1868	2
1869	2
1870	-1
1871	1
1872	1
1873	1
1874	2
1875	-1
1876	0
1877	0
1878	2
1879	1
1880	1
1881	2
1882	1
1883	0
1884	-1
1885	1
1886	0
1887	-1
1888	2
1889	0
1890	1
1891	0
1892	2
1893	0
1894	2
1895	0
1896	0
1897	1
1898	0
1899	0
1900	-1
1901	1
1902	0
1903	-1
1904	1
1905	0
1906	1
1907	0
1908	1
1909	0
1910	1
1911	0
1912	0
1913	1
1914	1
1915	0
1916	0
1917	1
1918	1
1919	-1
1920	1
1921	0
1922	0
1923	1
1924	0
1925	2
1926	0
1927	1
1928	1
1929	1
1930	0
1931	2
1932	1
1933	1
1934	0
1935	2
1936	0
1937	0
1938	1
1939	0
1940	-1
1941	0
1942	0
1943	0
1944	0
1945	0
1946	1
1947	0
1948	0
1949	0
1950	0
1951	1
1952	2
1953	-1
1954	2
1955	2
1956	2
1957	0
1958	2
1959	0
1960	-1
1961	0
1962	2
1963	0
1964	-1
1965	1
1966	0
1967	2
1968	1
1969	2
1970	0
1971	2
1972	1
1973	0
1974	1
1975	1
1976	0
1977	0
1978	-1
1979	1
1980	0
1981	0
1982	-1
1983	0
1984	1
1985	-2
1986	1
1987	2
1988	0
1989	2
1990	1
1991	0
1992	1
1993	0
1994	0
1995	0
1996	-1
1997	2
1998	2
1999	1
2000	-1
2001	0
2002	1
2003	0
2004	1
2005	1
2006	0
2007	0
2008	2
2009	1
2010	0
2011	2
2012	2
2013	1
2014	0
2015	1
2016	2
2017	1
2018	0
2019	1
2020	1
2021	1
2022	-1
2023	1
2024	0
2025	0
2026	0
2027	0
2028	2
2029	1
2030	-1
2031	0
2032	0
2033	0
2034	2
2035	0
2036	2
2037	-1
2038	0
2039	0
2040	1
2041	0
2042	1
2043	1
2044	0
2045	0
2046	0
2047	0
2048	1
2049	0
2050	0
2051	0
2052	0
2053	1
2054	0
2055	1
2056	0
2057	0
2058	0
2059	2
2060	1
2061	0
2062	1
2063	0
2064	0
2065	0
2066	2
2067	1
2068	1
2069	0
2070	0
2071	2
2072	0
2073	1
2074	1
2075	-1
2076	2
2077	1
2078	2
2079	0
2080	2
2081	0
2082	2
2083	0
2084	0
2085	2
2086	0
2087	1
2088	-1
2089	1
2090	0
2091	1
2092	2
2093	1
2094	2
2095	0
2096	0
2097	1
2098	1
2099	-1
2100	2
2101	1
2102	0
2103	2
2104	0
2105	1
2106	0
2107	0
2108	1
2109	1
2110	0
2111	2
2112	0
2113	0
2114	2
2115	1
2116	0
2117	2
2118	1
2119	-2
2120	1
2121	2
2122	0
2123	-1
2124	0
2125	0
2126	-1
2127	0
2128	0
2129	0
2130	1
2131	0
2132	1
2133	0
2134	0
2135	1
2136	0
2137	0
2138	2
2139	1
2140	0
2141	-1
2142	1
2143	0
2144	0
2145	1
2146	0
2147	0
2148	0
2149	2
2150	2
2151	1
2152	1
2153	2
2154	-1
2155	0
2156	1
2157	1
2158	0
2159	1
2160	1
2161	0
2162	1
2163	2
2164	2
2165	0
2166	0
2167	0
2168	1
2169	0
2170	2
2171	1
2172	0
2173	1
2174	0
2175	-1
2176	2
2177	0
2178	0
2179	2
2180	1
2181	2
2182	0
2183	0
2184	2
2185	1
2186	0
2187	1
2188	0
2189	1
2190	0
2191	-1
2192	0
2193	0
2194	1
2195	1
2196	-1
2197	2
2198	0
2199	2
2200	2
2201	0
2202	0
2203	0
2204	2
2205	0
2206	1
2207	2
2208	0
2209	2
2210	-1
2211	-1
2212	0
2213	-1
2214	-1
2215	0
2216	0
2217	0
2218	0
2219	0
2220	2
2221	2
2222	1
2223	1
2224	0
2225	1
2226	0
2227	2
2228	1
2229	0
2230	2
2231	1
2232	1
2233	0
2234	1
2235	1
2236	2
2237	2
2238	0
2239	-1
2240	1
2241	1
2242	0
2243	2
2244	-1
2245	-1
2246	1
2247	0
2248	1
2249	0
2250	0
2251	2
2252	0
2253	1
2254	0
2255	0
2256	0
2257	0
2258	2
2259	1
2260	0
2261	1
2262	0
2263	0
2264	0
2265	1
2266	0
2267	1
2268	0
2269	1
2270	0
2271	2
2272	2
2273	0
2274	1
2275	0
2276	2
2277	0
2278	1
2279	2
2280	1
2281	-2
2282	0
2283	0
2284	0
2285	-2
2286	2
2287	0
2288	0
2289	-1
2290	0
2291	0
2292	0
2293	-1
2294	1
2295	1
2296	2
2297	0
2298	0
2299	0
2300	0
2301	1
2302	2
2303	1
2304	-1
2305	2
2306	0
2307	-1
2308	0
2309	0
2310	2
2311	0
2312	2
2313	0
2314	-1
2315	0
2316	2
2317	2
2318	2
2319	1
2320	-1
2321	0
2322	0
2323	1
2324	0
2325	0
2326	0
2327	0
2328	0
2329	2
2330	0
2331	2
2332	0
2333	0
2334	1
2335	1
2336	0
2337	-1
2338	2
2339	1
2340	1
2341	2
2342	2
2343	0
2344	0
2345	0
2346	0
2347	0
2348	0
2349	0
2350	0
2351	0
2352	0
2353	1
2354	0
2355	2
2356	0
2357	0
2358	0
2359	0
2360	0
2361	0
2362	2
2363	-1
2364	-1
2365	1
2366	0
2367	0
2368	0
2369	0
2370	0
2371	-1
2372	-1
2373	1
2374	0
2375	0
2376	2
2377	1
2378	0
2379	-1
2380	0
2381	0
2382	2
2383	0
2384	-1
2385	2
2386	0
2387	0
2388	0
2389	2
2390	2
2391	1
2392	2
2393	0
2394	-1
2395	1
2396	2
2397	0
2398	-1
2399	2
2400	0
2401	2
2402	1
2403	1
2404	0
2405	2
2406	0
2407	0
2408	0
2409	1
2410	0
2411	0
2412	0
2413	1
2414	0
2415	1
2416	1
2417	0
2418	-1
2419	-1
2420	1
2421	0
2422	2
2423	-1
2424	0
2425	0
2426	0
2427	1
2428	0
2429	1
2430	0
2431	1
2432	1
2433	1
2434	-2
2435	1
2436	1
2437	2
2438	0
2439	0
2440	1
2441	0
2442	1
2443	0
2444	1
2445	0
2446	-1
2447	1
2448	-1
2449	0
2450	2
2451	0
2452	0
2453	0
2454	0
2455	0
2456	1
2457	2
2458	2
2459	0
2460	1
2461	2
2462	0
2463	0
2464	1
2465	1
2466	2
2467	-1
2468	2
2469	2
2470	2
2471	1
2472	0
2473	-1
2474	0
2475	-1
2476	0
2477	2
2478	0
2479	0
2480	1
2481	0
2482	0
2483	0
2484	0
2485	2
2486	2
2487	0
2488	2
2489	1
2490	0
2491	1
2492	2
2493	1
2494	0
2495	2
2496	1
2497	0
2498	1
2499	1
2500	-1
2501	1
2502	1
2503	-1
2504	2
2505	-1
2506	1
2507	0
2508	1
2509	-1
2510	0
2511	0
2512	0
2513	-1
2514	-1
2515	1
2516	0
2517	0
2518	1
2519	-1
2520	0
2521	1
2522	0
2523	1
2524	2
2525	0
2526	0
2527	0
2528	0
2529	0
2530	0
2531	1
2532	1
2533	2
2534	2
2535	0
2536	0
2537	2
2538	1
2539	0
2540	0
2541	0
2542	2
2543	1
2544	0
2545	0
2546	-1
2547	0
2548	0
2549	1
2550	0
2551	1
2552	1
2553	1
2554	0
2555	2
2556	2
2557	0
2558	0
2559	0
2560	-1
2561	0
2562	-1
2563	0
2564	2
2565	0
2566	1
2567	2
2568	2
2569	2
2570	0
2571	0
2572	1
2573	1
2574	2
2575	0
2576	1
2577	1
2578	1
2579	0
2580	2
2581	0
2582	1
2583	0
2584	1
2585	-1
2586	0
2587	1
2588	1
2589	-1
2590	2
2591	0
2592	0
2593	0
2594	0
2595	0
2596	2
2597	2
2598	1
2599	0
2600	2
2601	2
2602	0
2603	0
2604	1
2605	2
2606	1
2607	-1
2608	0
2609	2
2610	-1
2611	-1
2612	1
2613	0
2614	1
2615	-2
2616	1
2617	0
2618	-1
2619	1
2620	-1
2621	0
2622	2
2623	1
2624	0
2625	2
2626	1
2627	1
2628	0
2629	0
2630	0
2631	2
2632	1
2633	0
2634	0
2635	0
2636	1
2637	2
2638	-1
2639	0
2640	0
2641	-1
2642	1
2643	2
2644	2
2645	1
2646	2
2647	0
2648	2
2649	0
2650	2
2651	1
2652	1
2653	-1
2654	2
2655	0
2656	0
2657	1
2658	1
2659	0
2660	1
2661	0
2662	0
2663	0
2664	0
2665	0
2666	0
2667	1
2668	1
2669	1
2670	-1
2671	-1
2672	1
2673	1
2674	2
2675	0
2676	0
2677	0
2678	0
2679	0
2680	2
2681	0
2682	0
2683	1
2684	0
2685	1
2686	1
2687	2
2688	2
2689	0
2690	2
2691	0
2692	2
2693	0
2694	-1
2695	2
2696	2
2697	-1
2698	-1
2699	0
2700	2
2701	2
2702	0
2703	0
2704	0
2705	0
2706	2
2707	0
2708	1
2709	1
2710	2
2711	-1
2712	0
2713	0
2714	0
2715	-1
2716	1
2717	2
2718	0
2719	1
2720	0
2721	1
2722	1
2723	2
2724	2
2725	0
2726	0
2727	1
2728	0
2729	0
2730	1
2731	0
2732	0
2733	0
2734	1
2735	0
2736	0
2737	1
2738	-1
2739	2
2740	0
2741	2
2742	-1
2743	0
2744	0
2745	0
2746	0
2747	0
2748	2
2749	0
2750	-1
2751	0
2752	2
2753	0
2754	2
2755	0
2756	-1
2757	0
2758	0
2759	0
2760	0
2761	1
2762	2
2763	0
2764	0
2765	1
2766	1
2767	0
2768	0
2769	2
2770	2
2771	2
2772	2
2773	-1
2774	0
2775	0
2776	-1
2777	2
2778	0
2779	1
2780	1
2781	1
2782	2
2783	0
2784	0
2785	1
2786	2
2787	0
2788	1
2789	0
2790	0
2791	0
2792	2
2793	1
2794	1
2795	1
2796	1
2797	1
2798	0
2799	0
2800	0
2801	0
2802	2
2803	0
2804	2
2805	1
2806	0
2807	-1
2808	1
2809	-1
2810	0
2811	2
2812	-1
2813	0
2814	-1
2815	0
2816	2
2817	2
2818	0
2819	1
2820	0
2821	0
2822	2
2823	-1
2824	1
2825	0
2826	2
2827	1
2828	2
2829	1
2830	2
2831	0
2832	0
2833	0
2834	2
2835	1
2836	0
2837	1
2838	2
2839	2
2840	1
2841	1
2842	2
2843	-1
2844	1
2845	1
2846	1
2847	1
2848	1
2849	0
2850	1
2851	0
2852	0
2853	1
2854	1
2855	1
2856	1
2857	0
2858	-1
2859	1
2860	2
2861	0
2862	2
2863	2
2864	1
2865	0
2866	1
2867	0
2868	1
2869	-1
2870	2
2871	1
2872	0
2873	0
2874	0
2875	2
2876	1
2877	1
2878	-1
2879	2
2880	0
2881	1
2882	0
2883	0
2884	1
2885	1
2886	1
2887	0
2888	0
2889	1
2890	0
2891	-1
2892	1
2893	0
2894	0
2895	0
2896	1
2897	0
2898	0
2899	1
2900	1
2901	0
2902	0
2903	2
2904	-1
2905	2
2906	0
2907	2
2908	0
2909	2
2910	1
2911	0
2912	2
2913	0
2914	-1
2915	0
2916	-1
2917	-1
2918	0
2919	-1
2920	1
2921	0
2922	0
2923	0
2924	1
2925	1
2926	1
2927	0
2928	-1
2929	1
2930	0
2931	0
2932	-1
2933	2
2934	0
2935	1
2936	2
2937	1
2938	0
2939	0
2940	1
2941	1
2942	0
2943	0
2944	0
2945	1
2946	1
2947	2
2948	1
2949	-1
2950	0
2951	1
2952	2
2953	0
2954	0
2955	1
2956	1
2957	0
2958	2
2959	2
2960	-1
2961	0
2962	1
2963	2
2964	1
2965	0
2966	1
2967	2
2968	0
2969	1
2970	0
2971	1
2972	1
2973	2
2974	1
2975	2
2976	1
2977	0
2978	1
2979	1
2980	0
2981	0
2982	1
2983	1
2984	1
2985	1
2986	0
2987	0
2988	2
2989	0
2990	0
2991	-1
2992	0
2993	2
2994	1
2995	2
2996	1
2997	2
2998	0
2999	0
3000	0
3001	0
3002	0
3003	1
3004	0
3005	2
3006	0
3007	-1
3008	0
3009	0
3010	1
3011	0
3012	0
3013	1
3014	-1
3015	1
3016	0
3017	1
3018	-1
3019	1
3020	1
3021	2
3022	0
3023	0
3024	2
3025	1
3026	1
3027	1
3028	0
3029	0
3030	0
3031	0
3032	1
3033	2
3034	2
3035	0
3036	0
3037	0
3038	0
3039	0
3040	1
3041	2
3042	1
3043	0
3044	0
3045	1
3046	0
3047	0
3048	0
3049	1
3050	2
3051	0
3052	1
3053	1
3054	-1
3055	1
3056	2
3057	1
3058	0
3059	1
3060	1
3061	1
3062	0
3063	0
3064	0
3065	-1
3066	1
3067	1
3068	1
3069	0
3070	1
3071	2
3072	2
3073	1
3074	0
3075	0
3076	0
3077	-1
3078	-1
3079	2
3080	0
3081	0
3082	1
3083	1
3084	0
3085	0
3086	0
3087	0
3088	2
3089	2
3090	1
3091	1
3092	1
3093	0
3094	0
3095	1
3096	0
3097	0
3098	2
3099	1
3100	1
3101	2
3102	0
3103	0
3104	2
3105	2
3106	-1
3107	1
3108	0
3109	2
3110	0
3111	0
3112	1
3113	0
3114	2
3115	2
3116	0
3117	0
3118	0
3119	2
3120	0
3121	-1
3122	1
3123	0
3124	0
3125	1
3126	0
3127	-1
3128	0
3129	2
3130	0
3131	1
3132	0
3133	0
3134	1
3135	0
3136	1
3137	1
3138	1
3139	0
3140	0
3141	-1
3142	1
3143	0
3144	0
3145	0
3146	2
3147	-1
3148	0
3149	0
3150	0
3151	0
3152	0
3153	0
3154	0
3155	2
3156	2
3157	0
3158	0
3159	0
3160	0
3161	0
3162	-1
3163	-1
3164	0
3165	2
3166	0
3167	-1
3168	2
3169	1
3170	0
3171	0
3172	0
3173	1
3174	2
3175	0
3176	2
3177	2
3178	2
3179	0
3180	2
3181	0
3182	0
3183	0
3184	1
3185	0
3186	1
3187	0
3188	2
3189	1
3190	2
3191	1
3192	0
3193	2
3194	1
3195	0
3196	0
3197	0
3198	0
3199	0
3200	0
3201	2
3202	0
3203	0
3204	-1
3205	1
3206	2
3207	1
3208	0
3209	0
3210	0
3211	0
3212	-1
3213	0
3214	2
3215	0
3216	1
3217	0
3218	0
3219	2
3220	0
3221	1
3222	0
3223	0
3224	0
3225	2
3226	2
3227	1
3228	0
3229	0
3230	0
3231	0
3232	0
3233	0
3234	1
3235	-1
3236	1
3237	0
3238	0
3239	1
3240	1
3241	0
3242	1
3243	0
3244	2
3245	0
3246	1
3247	2
3248	1
3249	1
3250	1
3251	1
3252	-1
3253	1
3254	1
3255	0
3256	0
3257	0
3258	0
3259	0
3260	1
3261	1
3262	0
3263	2
3264	1
3265	1
3266	1
3267	0
3268	1
3269	0
3270	1
3271	-1
3272	2
3273	2
3274	1
3275	0
3276	2
3277	1
3278	-1
3279	1
3280	0
3281	1
3282	1
3283	-1
3284	-1
3285	0
3286	2
3287	1
3288	1
3289	1
3290	-1
3291	1
3292	2
3293	0
3294	-1
3295	0
3296	0
3297	-1
3298	0
3299	1
3300	1
3301	1
3302	0
3303	2
3304	1
3305	1
3306	1
3307	0
3308	0
3309	2
3310	0
3311	1
3312	2
3313	0
3314	1
3315	1
3316	0
3317	1
3318	1
3319	1
3320	-1
3321	1
3322	0
3323	1
3324	0
3325	0
3326	1
3327	0
3328	1
3329	0
3330	-1
3331	0
3332	-1
3333	0
3334	0
3335	-1
3336	0
3337	2
3338	2
3339	2
3340	-1
3341	-1
3342	-1
3343	0
3344	1
3345	0
3346	1
3347	1
3348	-1
3349	1
3350	0
3351	0
3352	1
3353	0
3354	0
3355	2
3356	-1
3357	0
3358	-1
3359	1
3360	-1
3361	0
3362	0
3363	2
3364	0
3365	1
3366	1
3367	0
3368	0
3369	-1
3370	-1
3371	1
3372	2
3373	1
3374	0
3375	2
3376	0
3377	2
3378	2
3379	-1
3380	1
3381	0
3382	0
3383	2
3384	0
3385	0
3386	-1
3387	0
3388	-1
3389	0
3390	0
3391	1
3392	2
3393	1
3394	2
3395	0
3396	1
3397	0
3398	-1
3399	0
3400	0
3401	1
3402	1
3403	1
3404	2
3405	-1
3406	1
3407	1
3408	1
3409	1
3410	2
3411	1
3412	0
3413	1
3414	0
3415	0
3416	0
3417	0
3418	0
3419	0
3420	1
3421	0
3422	1
3423	0
3424	0
3425	1
3426	1
3427	1
3428	1
3429	1
3430	0
3431	0
3432	1
3433	0
3434	0
3435	0
3436	0
3437	0
3438	0
3439	1
3440	2
3441	1
3442	0
3443	1
3444	0
3445	2
3446	1
3447	0
3448	0
3449	-1
3450	0
3451	1
3452	0
3453	0
3454	1
3455	1
3456	1
3457	0
3458	1
3459	1
3460	2
3461	1
3462	0
3463	0
3464	2
3465	2
3466	2
3467	1
3468	-1
3469	0
3470	1
3471	2
3472	2
3473	0
3474	1
3475	2
3476	0
3477	2
3478	1
3479	0
3480	0
3481	1
3482	0
3483	0
3484	0
3485	1
3486	0
3487	0
3488	0
3489	2
3490	1
3491	1
3492	1
3493	0
3494	2
3495	1
3496	0
3497	1
3498	0
3499	1
3500	0
3501	1
3502	1
3503	2
3504	0
3505	1
3506	0
3507	1
3508	2
3509	2
3510	2
3511	0
3512	0
3513	1
3514	0
3515	2
3516	1
3517	0
3518	0
3519	2
3520	0
3521	1
3522	0
3523	0
3524	0
3525	0
3526	1
3527	0
3528	2
3529	1
3530	0
3531	1
3532	1
3533	0
3534	1
3535	0
3536	1
3537	0
3538	1
3539	1
3540	-1
3541	2
3542	-1
3543	0
3544	0
3545	1
3546	2
3547	0
3548	0
3549	0
3550	1
3551	2
3552	1
3553	0
3554	2
3555	1
3556	0
3557	1
3558	1
3559	0
3560	1
3561	0
3562	0
3563	1
3564	2
3565	2
3566	2
3567	1
3568	0
3569	1
3570	-1
3571	0
3572	0
3573	0
3574	0
3575	1
3576	2
3577	0
3578	0
3579	0
3580	1
3581	0
3582	0
3583	0
3584	0
3585	2
3586	1
3587	2
3588	1
3589	0
3590	-1
3591	2
3592	1
3593	1
3594	2
3595	0
3596	1
3597	0
3598	2
3599	0
3600	1
3601	0
3602	0
3603	1
3604	1
3605	1
3606	2
3607	1
3608	1
3609	2
3610	2
3611	1
3612	1
3613	2
3614	0
3615	1
3616	1
3617	0
3618	1
3619	1
3620	1
3621	1
3622	1
3623	0
3624	2
3625	0
3626	0
3627	1
3628	0
3629	1
3630	2
3631	0
3632	1
3633	-1
3634	1
3635	1
3636	0
3637	1
3638	1
3639	0
3640	0
3641	2
3642	0
3643	1
3644	2
3645	0
3646	2
3647	2
3648	2
3649	0
3650	0
3651	1
3652	1
3653	1
3654	0
3655	0
3656	2
3657	0
3658	1
3659	1
3660	0
3661	0
3662	1
3663	1
3664	0
3665	0
3666	0
3667	2
3668	0
3669	0
3670	0
3671	2
3672	1
3673	0
3674	1
3675	0
3676	1
3677	1
3678	0
3679	1
3680	1
3681	1
3682	0
3683	0
3684	2
3685	0
3686	0
3687	2
3688	1
3689	2
3690	0
3691	0
3692	2
3693	2
3694	0
3695	1
3696	1
3697	0
3698	1
3699	1
3700	2
3701	0
3702	0
3703	1
3704	0
3705	0
3706	2
3707	0
3708	-1
3709	2
3710	0
3711	2
3712	0
3713	2
3714	1
3715	0
3716	0
3717	1
3718	0
3719	1
3720	1
3721	-1
3722	0
3723	2
3724	-2
3725	0
3726	0
3727	0
3728	0
3729	0
3730	1
3731	1
3732	2
3733	0
3734	-1
3735	0
3736	-1
3737	1
3738	0
3739	0
3740	0
3741	1
3742	0
3743	2
3744	2
3745	1
3746	2
3747	2
3748	0
3749	1
3750	0
3751	1
3752	0
3753	2
3754	0
3755	-1
3756	2
3757	1
3758	1
3759	0
3760	-1
3761	-1
3762	0
3763	0
3764	0
3765	1
3766	1
3767	1
3768	-1
3769	1
3770	0
3771	0
3772	2
3773	0
3774	1
3775	-1
3776	-1
3777	0
3778	-1
3779	1
3780	0
3781	0
3782	0
3783	-1
3784	-1
3785	1
3786	-1
3787	1
3788	-1
3789	1
3790	2
3791	0
3792	0
3793	2
3794	0
3795	0
3796	-1
3797	0
3798	0
3799	0
3800	1
3801	0
3802	0
3803	1
3804	0
3805	2
3806	0
3807	0
3808	0
3809	2
3810	0
3811	-1
3812	0
3813	0
3814	0
3815	2
3816	0
3817	1
3818	1
3819	-1
3820	2
3821	1
3822	2
3823	1
3824	1
3825	0
3826	1
3827	1
3828	0
3829	0
3830	0
3831	0
3832	2
3833	2
3834	0
3835	2
3836	1
3837	2
3838	1
3839	0
3840	0
3841	0
3842	1
3843	0
3844	2
3845	0
3846	2
3847	2
3848	1
3849	1
3850	1
3851	0
3852	1
3853	-1
3854	1
3855	0
3856	2
3857	1
3858	1
3859	1
3860	2
3861	0
3862	1
3863	1
3864	1
3865	0
3866	0
3867	0
3868	0
3869	0
3870	1
3871	0
3872	0
3873	1
3874	1
3875	0
3876	2
3877	0
3878	2
3879	0
3880	2
3881	0
3882	2
3883	0
3884	1
3885	1
3886	-1
3887	0
3888	0
3889	0
3890	0
3891	2
3892	0
3893	-1
3894	2
3895	-1
3896	2
3897	1
3898	0
3899	2
3900	0
3901	0
3902	1
3903	0
3904	0
3905	1
3906	2
3907	1
3908	1
3909	-1
3910	1
3911	1
3912	1
3913	1
3914	1
3915	0
3916	2
3917	1
3918	1
3919	0
3920	0
3921	1
3922	0
3923	1
3924	-1
3925	0
3926	0
3927	2
3928	0
3929	1
3930	0
3931	0
3932	0
3933	1
3934	0
3935	1
3936	-1
3937	1
3938	0
3939	1
3940	0
3941	0
3942	0
3943	2
3944	0
3945	0
3946	0
3947	-1
3948	0
3949	0
3950	-1
3951	0
3952	2
3953	1
3954	1
3955	1
3956	0
3957	0
3958	0
3959	0
3960	0
3961	2
3962	0
3963	0
3964	0
3965	0
3966	0
3967	0
3968	2
3969	0
3970	0
3971	0
3972	0
3973	1
3974	1
3975	1
3976	2
3977	2
3978	-1
3979	2
3980	2
3981	1
3982	0
3983	0
3984	0
3985	2
3986	0
3987	0
3988	1
3989	-1
3990	2
3991	0
3992	1
3993	1
3994	1
3995	0
3996	0
3997	1
3998	2
3999	0
4000	0
4001	2
4002	2
4003	2
4004	0
4005	1
4006	0
4007	0
4008	1
4009	1
4010	1
4011	0
4012	0
4013	0
4014	0
4015	0
4016	1
4017	0
4018	2
4019	0
4020	0
4021	2
4022	0
4023	-1
4024	2
4025	-2
4026	1
4027	2
4028	0
4029	-1
4030	0
4031	1
4032	0
4033	0
4034	0
4035	2
4036	2
4037	-1
4038	0
4039	2
4040	0
4041	1
4042	1
4043	-1
4044	2
4045	0
4046	2
4047	0
4048	0
4049	1
4050	2
4051	0
4052	0
4053	2
4054	2
4055	1
4056	-1
4057	0
4058	1
4059	2
4060	1
4061	0
4062	1
4063	1
4064	1
4065	1
4066	0
4067	-1
4068	0
4069	1
4070	0
4071	2
4072	1
4073	1
4074	1
4075	2
4076	2
4077	1
4078	0
4079	0
4080	2
4081	0
4082	0
4083	1
4084	1
4085	0
4086	0
4087	-1
4088	0
4089	0
4090	0
4091	0
4092	2
4093	1
4094	2
4095	1
4096	2
4097	0
4098	2
4099	1
4100	0
4101	0
4102	-1
4103	1
4104	1
4105	2
4106	1
4107	1
4108	1
4109	-1
4110	0
4111	1
4112	0
4113	1
4114	0
4115	0
4116	0
4117	0
4118	-1
4119	-1
4120	0
4121	0
4122	-1
4123	1
4124	0
4125	0
4126	1
4127	1
4128	2
4129	1
4130	2
4131	1
4132	2
4133	1
4134	1
4135	0
4136	-1
4137	0
4138	0
4139	0
4140	1
4141	1
4142	0
4143	0
4144	2
4145	2
4146	0
4147	0
4148	2
4149	0
4150	0
4151	0
4152	1
4153	1
4154	1
4155	0
4156	0
4157	1
4158	2
4159	0
4160	-1
4161	1
4162	1
4163	1
4164	0
4165	1
4166	0
4167	1
4168	0
4169	0
4170	2
4171	1
4172	0
4173	-2
4174	1
4175	2
4176	1
4177	0
4178	0
4179	0
4180	0
4181	2
4182	1
4183	-1
4184	2
4185	0
4186	1
4187	1
4188	0
4189	-1
4190	1
4191	0
4192	-1
4193	2
4194	2
4195	2
4196	1
4197	1
4198	0
4199	1
4200	0
4201	2
4202	0
4203	1
4204	0
4205	0
4206	0
4207	0
4208	0
4209	1
4210	0
4211	0
4212	-1
4213	1
4214	2
4215	0
4216	1
4217	2
4218	2
4219	0
4220	1
4221	1
4222	1
4223	0
4224	2
4225	1
4226	0
4227	2
4228	0
4229	0
4230	-1
4231	0
4232	0
4233	1
4234	0
4235	0
4236	0
4237	1
4238	1
4239	2
4240	0
4241	0
4242	1
4243	0
4244	0
4245	0
4246	1
4247	1
4248	0
4249	0
4250	0
4251	0
4252	1
4253	0
4254	1
4255	0
4256	0
4257	2
4258	2
4259	0
4260	0
4261	0
4262	0
4263	0
4264	1
4265	1
4266	0
4267	-1
4268	0
4269	1
4270	-1
4271	0
4272	0
4273	0
4274	1
4275	2
4276	0
4277	0
4278	-1
4279	0
4280	1
4281	1
4282	1
4283	0
4284	1
4285	2
4286	0
4287	-1
4288	0
4289	2
4290	1
4291	1
4292	0
4293	2
4294	2
4295	2
4296	2
4297	1
4298	1
4299	1
4300	0
4301	2
4302	2
4303	1
4304	0
4305	1
4306	1
4307	0
4308	-1
4309	2
4310	0
4311	0
4312	-1
4313	1
4314	2
4315	1
4316	1
4317	1
4318	1
4319	0
4320	1
4321	0
4322	-1
4323	2
4324	2
4325	1
4326	1
4327	0
4328	0
4329	1
4330	1
4331	-1
4332	0
4333	2
4334	-1
4335	-1
4336	2
4337	0
4338	0
4339	0
4340	0
4341	1
4342	1
4343	2
4344	0
4345	1
4346	0
4347	-2
4348	0
4349	-1
4350	2
4351	0
4352	1
4353	0
4354	1
4355	1
4356	1
4357	0
4358	0
4359	2
4360	1
4361	1
4362	1
4363	0
4364	0
4365	2
4366	1
4367	0
4368	1
4369	2
4370	1
4371	-1
4372	-1
4373	1
4374	0
4375	0
4376	2
4377	2
4378	1
4379	0
4380	1
4381	0
4382	0
4383	1
4384	1
4385	0
4386	1
4387	-1
4388	0
4389	1
4390	0
4391	0
4392	1
4393	2
4394	0
4395	0
4396	2
4397	1
4398	1
4399	2
4400	2
4401	1
4402	0
4403	0
4404	0
4405	0
4406	2
4407	0
4408	0
4409	0
4410	2
4411	0
4412	1
4413	0
4414	0
4415	1
4416	0
4417	1
4418	0
4419	0
4420	1
4421	1
4422	2
4423	0
4424	0
4425	2
4426	-1
4427	0
4428	2
4429	1
4430	0
4431	0
4432	1
4433	1
4434	0
4435	-1
4436	-1
4437	0
4438	1
4439	0
4440	0
4441	1
4442	0
4443	0
4444	2
4445	1
4446	0
4447	1
4448	1
4449	0
4450	0
4451	2
4452	-1
4453	1
4454	0
4455	0
4456	-1
4457	1
4458	0
4459	1
4460	1
4461	2
4462	1
4463	0
4464	0
4465	1
4466	2
4467	1
4468	0
4469	-1
4470	1
4471	0
4472	0
4473	1
4474	2
4475	-1
4476	0
4477	0
4478	0
4479	0
4480	0
4481	2
4482	0
4483	-1
4484	2
4485	0
4486	-1
4487	1
4488	0
4489	0
4490	-1
4491	2
4492	1
4493	0
4494	1
4495	1
4496	0
4497	2
4498	0
4499	0
4500	1
4501	-1
4502	0
4503	2
4504	1
4505	1
4506	1
4507	1
4508	2
4509	1
4510	0
4511	0
4512	0
4513	2
4514	1
4515	-1
4516	2
4517	2
4518	0
4519	1
4520	0
4521	0
4522	1
4523	0
4524	0
4525	0
4526	2
4527	0
4528	2
4529	-1
4530	-1
4531	1
4532	1
4533	2
4534	1
4535	0
4536	0
4537	0
4538	1
4539	-1
4540	1
4541	0
4542	0
4543	0
4544	2
4545	1
4546	1
4547	0
4548	2
4549	-1
4550	1
4551	0
4552	1
4553	2
4554	1
4555	1
4556	2
4557	0
4558	0
4559	0
4560	0
4561	-1
4562	2
4563	0
4564	2
4565	0
4566	-1
4567	0
4568	0
4569	1
4570	1
4571	1
4572	-1
4573	1
4574	1
4575	2
4576	0
4577	2
4578	0
4579	1
4580	0
4581	0
4582	2
4583	0
4584	0
4585	0
4586	1
4587	-2
4588	0
4589	2
4590	1
4591	1
4592	1
4593	2
4594	0
4595	1
4596	2
4597	0
4598	2
4599	-1
4600	0
4601	1
4602	2
4603	-2
4604	0
4605	1
4606	1
4607	1
4608	0
4609	1
4610	1
4611	-1
4612	2
4613	1
4614	0
4615	0
4616	0
4617	1
4618	2
4619	1
4620	1
4621	0
4622	0
4623	0
4624	0
4625	2
4626	-1
4627	0
4628	0
4629	0
4630	1
4631	1
4632	-1
4633	0
4634	0
4635	1
4636	1
4637	2
4638	0
4639	0
4640	0
4641	-1
4642	0
4643	0
4644	-1
4645	0
4646	1
4647	0
4648	1
4649	0
4650	0
4651	-1
4652	1
4653	0
4654	0
4655	2
4656	1
4657	0
4658	1
4659	0
4660	0
4661	0
4662	0
4663	0
4664	0
4665	0
4666	0
4667	0
4668	1
4669	0
4670	2
4671	2
4672	0
4673	2
4674	1
4675	1
4676	0
4677	1
4678	0
4679	2
4680	1
4681	0
4682	0
4683	2
4684	0
4685	-1
4686	0
4687	1
4688	0
4689	0
4690	-1
4691	-1
4692	0
4693	1
4694	0
4695	1
4696	0
4697	1
4698	2
4699	0
4700	0
4701	0
4702	2
4703	0
4704	2
4705	0
4706	1
4707	0
4708	0
4709	0
4710	0
4711	0
4712	1
4713	0
4714	1
4715	-1
4716	1
4717	1
4718	-2
4719	1
4720	1
4721	0
4722	0
4723	0
4724	0
4725	1
4726	2
4727	0
4728	0
4729	2
4730	1
4731	0
4732	1
4733	0
4734	1
4735	1
4736	1
4737	1
4738	1
4739	0
4740	0
4741	1
4742	0
4743	2
4744	1
4745	1
4746	0
4747	0
4748	0
4749	0
4750	0
4751	1
4752	0
4753	0
4754	0
4755	-1
4756	2
4757	0
4758	-1
4759	-1
4760	1
4761	2
4762	1
4763	0
4764	0
4765	0
4766	1
4767	1
4768	0
4769	1
4770	1
4771	0
4772	0
4773	0
4774	1
4775	1
4776	1
4777	2
4778	2
4779	1
4780	0
4781	1
4782	1
4783	0
4784	2
4785	-1
4786	0
4787	1
4788	1
4789	-1
4790	1
4791	-1
4792	1
4793	1
4794	2
4795	2
4796	0
4797	1
4798	2
4799	0
4800	1
4801	2
4802	0
4803	2
4804	0
4805	0
4806	0
4807	1
4808	0
4809	-1
4810	1
4811	0
4812	0
4813	1
4814	-1
4815	2
4816	1
4817	0
4818	0
4819	0
4820	-1
4821	0
4822	1
4823	1
4824	-1
4825	0
4826	0
4827	0
4828	2
4829	-1
4830	0
4831	0
4832	1
4833	0
4834	2
4835	1
4836	2
4837	2
4838	1
4839	-1
4840	0
4841	2
4842	1
4843	1
4844	0
4845	1
4846	0
4847	0
4848	0
4849	-1
4850	-1
4851	0
4852	0
4853	1
4854	2
4855	1
4856	1
4857	1
4858	0
4859	-1
4860	0
4861	0
4862	1
4863	0
4864	0
4865	0
4866	0
4867	0
4868	0
4869	1
4870	1
4871	2
4872	1
4873	-1
4874	1
4875	1
4876	0
4877	2
4878	-1
4879	2
4880	0
4881	-2
4882	1
4883	2
4884	2
4885	1
4886	0
4887	1
4888	1
4889	0
4890	0
4891	0
4892	1
4893	1
4894	0
4895	1
4896	2
4897	0
4898	0
4899	0
4900	0
4901	1
4902	1
4903	0
4904	-1
4905	2
4906	2
4907	0
4908	1
4909	0
4910	1
4911	2
4912	0
4913	0
4914	0
4915	0
4916	0
4917	0
4918	0
4919	0
4920	0
4921	2
4922	2
4923	0
4924	1
4925	1
4926	2
4927	0
4928	0
4929	1
4930	0
4931	0
4932	1
4933	2
4934	-1
4935	0
4936	0
4937	-1
4938	0
4939	1
4940	1
4941	0
4942	-1
4943	0
4944	0
4945	1
4946	0
4947	-1
4948	-2
4949	2
4950	0
4951	1
4952	2
4953	2
4954	0
4955	0
4956	2
4957	1
4958	0
4959	1
4960	1
4961	2
4962	1
4963	1
4964	1
4965	1
4966	0
4967	0
4968	1
4969	0
4970	1
4971	1
4972	0
4973	-1
4974	0
4975	2
4976	0
4977	0
4978	1
4979	-1
4980	0
4981	-1
4982	2
4983	1
4984	1
4985	-1
4986	2
4987	1
4988	0
4989	0
4990	0
4991	0
4992	0
4993	1
4994	0
4995	0
4996	-1
4997	1
4998	0
4999	0
5000	1
5001	2
5002	0
5003	-1
5004	0
5005	-1
5006	0
5007	1
5008	0
5009	0
5010	2
5011	2
5012	1
5013	1
5014	2
5015	2
5016	0
5017	-1
5018	2
5019	2
5020	0
5021	1
5022	0
5023	0
5024	0
5025	-1
5026	2
5027	0
5028	0
5029	2
5030	2
5031	1
5032	-2
5033	1
5034	2
5035	0
5036	0
5037	0
5038	-1
5039	2
5040	-1
5041	0
5042	0
5043	-1
5044	2
5045	2
5046	1
5047	0
5048	1
5049	2
5050	0
5051	1
5052	1
5053	0
5054	1
5055	-1
5056	0
5057	0
5058	2
5059	0
5060	0
5061	0
5062	0
5063	2
5064	1
5065	2
5066	0
5067	2
5068	0
5069	0
5070	-1
5071	1
5072	0
5073	1
5074	0
5075	0
5076	0
5077	-1
5078	0
5079	2
5080	1
5081	0
5082	0
5083	0
5084	-1
5085	0
5086	0
5087	0
5088	0
5089	1
5090	0
5091	1
5092	0
5093	0
5094	0
5095	1
5096	1
5097	0
5098	0
5099	2
5100	2
5101	1
5102	0
5103	0
5104	1
5105	0
5106	1
5107	1
5108	0
5109	2
5110	1
5111	1
5112	0
5113	0
5114	-1
5115	0
5116	1
5117	2
5118	-1
5119	2
5120	0
5121	0
5122	2
5123	0
5124	1
5125	0
5126	2
5127	0
5128	0
5129	2
5130	2
5131	0
5132	0
5133	0
5134	1
5135	0
5136	1
5137	2
5138	0
5139	1
5140	0
5141	1
5142	1
5143	1
5144	1
5145	-1
5146	1
5147	2
5148	0
5149	0
5150	2
5151	2
5152	-1
5153	1
5154	0
5155	1
5156	1
5157	0
5158	1
5159	-1
5160	0
5161	0
5162	0
5163	-2
5164	-1
5165	-1
5166	0
5167	0
5168	0
5169	0
5170	0
5171	2
5172	2
5173	0
5174	0
5175	0
5176	1
5177	1
5178	0
5179	1
5180	1
5181	0
5182	0
5183	1
5184	0
5185	0
5186	2
5187	1
5188	2
5189	1
5190	1
5191	0
5192	0
5193	2
5194	0
5195	0
5196	0
5197	0
5198	0
5199	2
5200	2
5201	0
5202	2
5203	1
5204	0
5205	0
5206	2
5207	1
5208	1
5209	1
5210	1
5211	1
5212	1
5213	1
5214	1
5215	1
5216	0
5217	1
5218	0
5219	-1
5220	0
5221	0
5222	2
5223	2
5224	2
5225	-1
5226	2
5227	1
5228	0
5229	0
5230	1
5231	0
5232	-1
5233	2
5234	0
5235	0
5236	0
5237	0
5238	-1
5239	1
5240	2
5241	0
5242	2
5243	0
5244	1
5245	1
5246	0
5247	1
5248	-1
5249	1
5250	-1
5251	0
5252	2
5253	0
5254	2
5255	2
5256	1
5257	2
5258	0
5259	-1
5260	2
5261	1
5262	0
5263	0
5264	2
5265	1
5266	2
5267	0
5268	-1
5269	1
5270	2
5271	0
5272	0
5273	-1
5274	0
5275	1
5276	0
5277	1
5278	0
5279	0
5280	1
5281	2
5282	0
5283	2
5284	0
5285	0
5286	1
5287	0
5288	0
5289	0
5290	2
5291	0
5292	1
5293	1
5294	2
5295	1
5296	-1
5297	0
5298	2
5299	0
5300	1
5301	1
5302	1
5303	-1
5304	0
5305	0
5306	2
5307	0
5308	0
5309	2
5310	2
5311	0
5312	1
5313	1
5314	-1
5315	0
5316	1
5317	0
5318	0
5319	2
5320	0
5321	1
5322	1
5323	1
5324	1
5325	1
5326	0
5327	-1
5328	2
5329	0
5330	1
5331	0
5332	2
5333	0
5334	2
5335	0
5336	1
5337	0
5338	0
5339	0
5340	-1
5341	1
5342	0
5343	2
5344	-1
5345	2
5346	2
5347	0
5348	0
5349	-1
5350	2
5351	1
5352	0
5353	0
5354	2
5355	1
5356	0
5357	2
5358	0
5359	-1
5360	0
5361	0
5362	2
5363	2
5364	1
5365	1
5366	0
5367	1
5368	-1
5369	0
5370	1
5371	0
5372	0
5373	2
5374	1
5375	1
5376	0
5377	1
5378	-1
5379	0
5380	2
5381	0
5382	0
5383	1
5384	1
5385	2
5386	-1
5387	2
5388	0
5389	2
5390	1
5391	0
5392	0
5393	0
5394	0
5395	2
5396	2
5397	-1
5398	0
5399	0
5400	0
5401	0
5402	0
5403	0
5404	1
5405	0
5406	2
5407	0
5408	2
5409	-1
5410	0
5411	0
5412	0
5413	1
5414	0
5415	1
5416	2
5417	0
5418	0
5419	2
5420	0
5421	2
5422	1
5423	0
5424	1
5425	-1
5426	0
5427	-1
5428	2
5429	0
5430	1
5431	2
5432	2
5433	0
5434	1
5435	1
5436	0
5437	0
5438	0
5439	1
5440	0
5441	1
5442	-1
5443	1
5444	1
5445	0
5446	2
5447	-1
5448	2
5449	0
5450	-1
5451	0
5452	2
5453	0
5454	1
5455	0
5456	1
5457	0
5458	1
5459	2
5460	0
5461	0
5462	1
5463	-1
5464	1
5465	-2
5466	1
5467	0
5468	2
5469	0
5470	1
5471	0
5472	0
5473	1
5474	0
5475	1
5476	1
5477	0
5478	-1
5479	0
5480	0
5481	0
5482	1
5483	1
5484	0
5485	1
5486	1
5487	2
5488	2
5489	0
5490	0
5491	0
5492	0
5493	-2
5494	1
5495	0
5496	2
5497	0
5498	2
5499	1
5500	0
5501	-1
5502	-1
5503	-1
5504	0
5505	1
5506	-1
5507	1
5508	0
5509	0
5510	-1
5511	-1
5512	1
5513	0
5514	-1
5515	2
5516	1
5517	0
5518	1
5519	0
5520	0
5521	-1
5522	1
5523	0
5524	-1
5525	1
5526	0
5527	-1
5528	0
5529	0
5530	1
5531	1
5532	0
5533	1
5534	0
5535	0
5536	0
5537	2
5538	1
5539	-1
5540	0
5541	0
5542	0
5543	2
5544	0
5545	0
5546	0
5547	0
5548	1
5549	-1
5550	2
5551	2
5552	0
5553	1
5554	0
5555	0
5556	0
5557	2
5558	0
5559	0
5560	2
5561	1
5562	2
5563	0
5564	0
5565	1
5566	1
5567	0
5568	2
5569	2
5570	-1
5571	0
5572	1
5573	1
5574	0
5575	1
5576	-1
5577	2
5578	2
5579	0
5580	2
5581	2
5582	2
5583	2
5584	2
5585	0
5586	2
5587	0
5588	-1
5589	2
5590	1
5591	0
5592	-2
5593	0
5594	2
5595	0
5596	-1
5597	-1
5598	1
5599	1
5600	0
5601	-1
5602	1
5603	-1
5604	0
5605	0
5606	1
5607	1
5608	0
5609	0
5610	2
5611	1
5612	1
5613	1
5614	0
5615	1
5616	2
5617	1
5618	0
5619	1
5620	-1
5621	1
5622	1
5623	0
5624	0
5625	0
5626	0
5627	0
5628	0
5629	0
5630	0
5631	0
5632	2
5633	0
5634	-1
5635	0
5636	1
5637	-1
5638	0
5639	1
5640	-1
5641	0
5642	0
5643	1
5644	1
5645	-1
5646	2
5647	0
5648	0
5649	-1
5650	1
5651	1
5652	2
5653	0
5654	2
5655	0
5656	0
5657	0
5658	0
5659	-1
5660	-1
5661	-1
5662	1
5663	0
5664	0
5665	0
5666	2
5667	2
5668	2
5669	1
5670	0
5671	2
5672	1
5673	0
5674	-1
5675	-2
5676	0
5677	0
5678	0
5679	2
5680	0
5681	0
5682	2
5683	1
5684	1
5685	-1
5686	0
5687	1
5688	1
5689	-1
5690	0
5691	2
5692	1
5693	0
5694	1
5695	0
5696	1
5697	0
5698	2
5699	0
5700	2
5701	0
5702	1
5703	2
5704	0
5705	-1
5706	0
5707	2
5708	0
5709	0
5710	1
5711	-1
5712	0
5713	2
5714	1
5715	2
5716	2
5717	0
5718	0
5719	0
5720	1
5721	1
5722	0
5723	0
5724	-1
5725	0
5726	0
5727	2
5728	0
5729	0
5730	2
5731	1
5732	2
5733	0
5734	1
5735	1
5736	0
5737	1
5738	0
5739	1
5740	0
5741	0
5742	0
5743	0
5744	0
5745	1
5746	2
5747	0
5748	-1
5749	1
5750	1
5751	1
5752	2
5753	0
5754	1
5755	1
5756	0
5757	1
5758	2
5759	-1
5760	-1
5761	1
5762	0
5763	1
5764	-1
5765	1
5766	0
5767	0
5768	2
5769	1
5770	2
5771	0
5772	1
5773	2
5774	0
5775	2
5776	-1
5777	0
5778	2
5779	0
5780	-1
5781	-1
5782	0
5783	2
5784	2
5785	0
5786	-1
5787	0
5788	1
5789	2
5790	1
5791	2
5792	-1
5793	2
5794	2
5795	2
5796	0
5797	0
5798	0
5799	1
5800	1
5801	1
5802	0
5803	0
5804	0
5805	-1
5806	-1
5807	1
5808	0
5809	0
5810	-1
5811	1
5812	1
5813	0
5814	2
5815	-1
5816	1
5817	1
5818	0
5819	1
5820	0
5821	1
5822	0
5823	0
5824	0
5825	1
5826	0
5827	1
5828	0
5829	1
5830	0
5831	1
5832	2
5833	-1
5834	0
5835	0
5836	0
5837	0
5838	2
5839	0
5840	1
5841	0
5842	-1
5843	0
5844	2
5845	0
5846	0
5847	0
5848	0
5849	0
5850	0
5851	1
5852	1
5853	1
5854	0
5855	0
5856	2
5857	0
5858	0
5859	0
5860	2
5861	-1
5862	0
5863	2
5864	0
5865	1
5866	0
5867	2
5868	2
5869	2
5870	0
5871	2
5872	0
5873	-1
5874	1
5875	2
5876	1
5877	1
5878	1
5879	2
5880	1
5881	0
5882	2
5883	1
5884	0
5885	-1
5886	1
5887	0
5888	1
5889	0
5890	0
5891	1
5892	-1
5893	1
5894	1
5895	0
5896	0
5897	1
5898	1
5899	0
5900	1
5901	-1
5902	2
5903	0
5904	-1
5905	0
5906	1
5907	0
5908	2
5909	-1
5910	1
5911	1
5912	0
5913	2
5914	2
5915	0
5916	1
5917	1
5918	1
5919	-1
5920	2
5921	0
5922	0
5923	-1
5924	1
5925	0
5926	2
5927	0
5928	2
5929	2
5930	2
5931	2
5932	1
5933	0
5934	1
5935	0
5936	2
5937	0
5938	0
5939	1
5940	2
5941	2
5942	1
5943	-1
5944	2
5945	0
5946	1
5947	0
5948	0
5949	2
5950	0
5951	0
5952	1
5953	0
5954	1
5955	1
5956	0
5957	2
5958	2
5959	0
5960	0
5961	0
5962	1
5963	1
5964	-1
5965	2
5966	0
5967	1
5968	0
5969	1
5970	0
5971	1
5972	0
5973	0
5974	1
5975	1
5976	0
5977	0
5978	1
5979	1
5980	0
5981	0
5982	1
5983	1
5984	-1
5985	2
5986	1
5987	0
5988	1
5989	-1
5990	1
5991	1
5992	0
5993	1
5994	1
5995	1
5996	1
5997	2
5998	1
5999	2
6000	0
6001	1
6002	0
6003	0
6004	-1
6005	0
6006	-1
6007	1
6008	2
6009	0
6010	1
6011	0
6012	0
6013	0
6014	1
6015	0
6016	1
6017	1
6018	1
6019	0
6020	0
6021	1
6022	0
6023	-1
6024	1
6025	0
6026	0
6027	1
6028	1
6029	1
6030	2
6031	1
6032	2
6033	1
6034	1
6035	0
6036	0
6037	0
6038	0
6039	1
6040	1
6041	0
6042	-1
6043	2
6044	2
6045	2
6046	0
6047	1
6048	2
6049	0
6050	1
6051	2
6052	0
6053	0
6054	0
6055	2
6056	-1
6057	2
6058	0
6059	0
6060	1
6061	1
6062	2
6063	2
6064	0
6065	1
6066	0
6067	0
6068	2
6069	1
6070	1
6071	2
6072	2
6073	1
6074	0
6075	1
6076	0
6077	-1
6078	2
6079	0
6080	0
6081	2
6082	1
6083	-1
6084	0
6085	0
6086	0
6087	2
6088	0
6089	0
6090	0
6091	1
6092	1
6093	0
6094	1
6095	2
6096	1
6097	2
6098	2
6099	2
6100	2
6101	2
6102	2
6103	0
6104	0
6105	0
6106	0
6107	1
6108	2
6109	1
6110	0
6111	-1
6112	1
6113	1
6114	1
6115	0
6116	1
6117	1
6118	1
6119	0
6120	0
6121	2
6122	0
6123	0
6124	2
6125	1
6126	1
6127	1
6128	0
6129	1
6130	0
6131	0
6132	2
6133	0
6134	1
6135	0
6136	2
6137	0
6138	0
6139	2
6140	1
6141	0
6142	2
6143	-1
6144	0
6145	0
6146	1
6147	1
6148	1
6149	0
6150	1
6151	0
6152	2
6153	0
6154	-1
6155	0
6156	2
6157	0
6158	0
6159	-1
6160	0
6161	0
6162	0
6163	2
6164	-1
6165	0
6166	1
6167	0
6168	0
6169	0
6170	0
6171	0
6172	1
6173	0
6174	1
6175	0
6176	0
6177	1
6178	0
6179	0
6180	0
6181	0
6182	1
6183	0
6184	2
6185	0
6186	0
6187	0
6188	0
6189	0
6190	2
6191	0
6192	2
6193	0
6194	1
6195	2
6196	1
6197	1
6198	0
6199	1
6200	1
6201	0
6202	-1
6203	0
6204	-1
6205	1
6206	0
6207	1
6208	1
6209	0
6210	0
6211	0
6212	1
6213	2
6214	1
6215	1
6216	2
6217	2
6218	1
6219	2
6220	-1
6221	-1
6222	1
6223	1
6224	0
6225	2
6226	1
6227	1
6228	1
6229	0
6230	0
6231	0
6232	2
6233	0
6234	0
6235	1
6236	1
6237	0
6238	-1
6239	0
6240	2
6241	1
6242	-1
6243	0
6244	0
6245	1
6246	1
6247	0
6248	-1
6249	1
6250	1
6251	0
6252	-1
6253	0
6254	1
6255	1
6256	1
6257	0
6258	1
6259	0
6260	2
6261	0
6262	0
6263	1
6264	0
6265	0
6266	-1
6267	1
6268	2
6269	0
6270	0
6271	1
6272	1
6273	1
6274	-1
6275	2
6276	0
6277	0
6278	0
6279	1
6280	-1
6281	0
6282	2
6283	0
6284	1
6285	0
6286	0
6287	0
6288	2
6289	0
6290	2
6291	1
6292	0
6293	2
6294	0
6295	0
6296	1
6297	2
6298	2
6299	2
6300	1
6301	1
6302	2
6303	2
6304	0
6305	0
6306	1
6307	0
6308	2
6309	0
6310	1
6311	0
6312	0
6313	2
6314	1
6315	-1
6316	0
6317	0
6318	0
6319	0
6320	-1
6321	0
6322	1
6323	-1
6324	1
6325	0
6326	0
6327	0
6328	1
6329	2
6330	1
6331	-1
6332	2
6333	2
6334	2
6335	0
6336	0
6337	-1
6338	0
6339	0
6340	0
6341	0
6342	-1
6343	-1
6344	2
6345	0
6346	0
6347	0
6348	1
6349	1
6350	-1
6351	0
6352	0
6353	1
6354	1
6355	0
6356	1
6357	2
6358	0
6359	0
6360	0
6361	0
6362	1
6363	-1
6364	0
6365	2
6366	0
6367	0
6368	0
6369	0
6370	1
6371	0
6372	2
6373	1
6374	0
6375	1
6376	0
6377	-1
6378	2
6379	0
6380	1
6381	1
6382	1
6383	1
6384	1
6385	0
6386	1
6387	1
6388	1
6389	1
6390	0
6391	0
6392	1
6393	0
6394	1
6395	0
6396	2
6397	0
6398	0
6399	-1
6400	0
6401	0
6402	-1
6403	1
6404	1
6405	1
6406	0
6407	1
6408	1
6409	0
6410	2
6411	0
6412	1
6413	2
6414	1
6415	0
6416	1
6417	0
6418	1
6419	-1
6420	0
6421	0
6422	0
6423	1
6424	0
6425	2
6426	0
6427	2
6428	-1
6429	0
6430	0
6431	-1
6432	0
6433	1
6434	0
6435	0
6436	2
6437	0
6438	1
6439	0
6440	1
6441	2
6442	0
6443	-1
6444	0
6445	1
6446	0
6447	0
6448	-2
6449	0
6450	2
6451	2
6452	-2
6453	2
6454	0
6455	0
6456	1
6457	0
6458	1
6459	1
6460	2
6461	1
6462	0
6463	0
6464	0
6465	1
6466	0
6467	2
6468	0
6469	0
6470	0
6471	2
6472	1
6473	1
6474	-1
6475	1
6476	1
6477	2
6478	0
6479	-1
6480	-1
6481	2
6482	1
6483	0
6484	0
6485	0
6486	2
6487	-1
6488	1
6489	0
6490	0
6491	1
6492	1
6493	0
6494	0
6495	0
6496	1
6497	1
6498	1
6499	0
6500	0
6501	0
6502	0
6503	2
6504	1
6505	1
6506	0
6507	1
6508	0
6509	1
6510	1
6511	-1
6512	0
6513	0
6514	0
6515	0
6516	1
6517	0
6518	1
6519	0
6520	0
6521	-1
6522	0
6523	2
6524	2
6525	0
6526	0
6527	0
6528	2
6529	0
6530	0
6531	2
6532	-1
6533	0
6534	1
6535	0
6536	0
6537	0
6538	2
6539	1
6540	1
6541	0
6542	0
6543	2
6544	1
6545	2
6546	2
6547	0
6548	-1
6549	0
6550	0
6551	-1
6552	0
6553	0
6554	0
6555	2
6556	1
6557	0
6558	2
6559	2
6560	2
6561	1
6562	2
6563	2
6564	2
6565	0
6566	1
6567	0
6568	0
6569	0
6570	1
6571	1
6572	0
6573	2
6574	0
6575	0
6576	1
6577	-1
6578	0
6579	0
6580	0
6581	2
6582	0
6583	0
6584	0
6585	1
6586	2
6587	2
6588	1
6589	1
6590	-1
6591	0
6592	1
6593	0
6594	0
6595	2
6596	0
6597	0
6598	0
6599	1
6600	0
6601	0
6602	1
6603	1
6604	0
6605	0
6606	0
6607	0
6608	0
6609	2
6610	1
6611	-1
6612	1
6613	0
6614	0
6615	2
6616	0
6617	2
6618	2
6619	0
6620	0
6621	0
6622	1
6623	0
6624	1
6625	2
6626	0
6627	0
6628	0
6629	0
6630	2
6631	0
6632	1
6633	1
6634	0
6635	-1
6636	-1
6637	1
6638	-1
6639	0
6640	-1
6641	2
6642	0
6643	1
6644	2
6645	-1
6646	2
6647	2
6648	2
6649	1
6650	0
6651	0
6652	-1
6653	0
6654	1
6655	1
6656	0
6657	0
6658	0
6659	1
6660	2
6661	0
6662	2
6663	1
6664	2
6665	1
6666	2
6667	1
6668	0
6669	1
6670	1
6671	0
6672	2
6673	0
6674	0
6675	1
6676	1
6677	0
6678	2
6679	1
6680	0
6681	1
6682	0
6683	2
6684	1
6685	1
6686	0
6687	2
6688	0
6689	1
6690	-1
6691	1
6692	0
6693	2
6694	0
6695	0
6696	0
6697	1
6698	0
6699	2
6700	0
6701	1
6702	0
6703	1
6704	0
6705	0
6706	0
6707	2
6708	2
6709	1
6710	-1
6711	0
6712	1
6713	1
6714	-1
6715	-1
6716	0
6717	1
6718	1
6719	0
6720	0
6721	0
6722	2
6723	0
6724	0
6725	0
6726	-1
6727	1
6728	-1
6729	-1
6730	1
6731	0
6732	0
6733	1
6734	0
6735	2
6736	2
6737	-1
6738	0
6739	2
6740	1
6741	1
6742	1
6743	1
6744	-1
6745	0
6746	1
6747	-2
6748	1
6749	0
6750	2
6751	0
6752	2
6753	0
6754	1
6755	0
6756	0
6757	0
6758	1
6759	-1
6760	2
6761	0
6762	2
6763	-1
6764	0
6765	-2
6766	0
6767	2
6768	-1
6769	0
6770	2
6771	0
6772	0
6773	2
6774	1
6775	1
6776	2
6777	0
6778	1
6779	0
6780	0
6781	1
6782	1
6783	1
6784	0
6785	0
6786	0
6787	1
6788	-1
6789	-1
6790	1
6791	-1
6792	0
6793	2
6794	1
6795	1
6796	2
6797	2
6798	0
6799	1
6800	2
6801	0
6802	1
6803	0
6804	0
6805	0
6806	0
6807	2
6808	-1
6809	0
6810	0
6811	2
6812	1
6813	2
6814	0
6815	0
6816	-1
6817	1
6818	2
6819	0
6820	1
6821	0
6822	0
6823	0
6824	2
6825	2
6826	1
6827	1
6828	1
6829	0
6830	0
6831	1
6832	0
6833	0
6834	0
6835	0
6836	0
6837	0
6838	0
6839	0
6840	-1
6841	0
6842	2
6843	0
6844	1
6845	0
6846	1
6847	0
6848	0
6849	2
6850	0
6851	1
6852	2
6853	2
6854	0
6855	0
6856	0
6857	0
6858	0
6859	1
6860	1
6861	-1
6862	1
6863	2
6864	2
6865	-1
6866	0
6867	1
6868	1
6869	1
6870	0
6871	0
6872	1
6873	0
6874	1
6875	0
6876	1
6877	0
6878	2
6879	0
6880	-1
6881	2
6882	0
6883	1
6884	1
6885	0
6886	1
6887	1
6888	0
6889	0
6890	1
6891	0
6892	1
6893	0
6894	0
6895	0
6896	0
6897	0
6898	-1
6899	2
6900	-1
6901	1
6902	1
6903	1
6904	0
6905	1
6906	0
6907	-1
6908	1
6909	2
6910	0
6911	2
6912	0
6913	1
6914	0
6915	0
6916	1
6917	0
6918	0
6919	1
6920	0
6921	0
6922	2
6923	0
6924	2
6925	0
6926	0
6927	0
6928	0
6929	0
6930	1
6931	-1
6932	0
6933	0
6934	0
6935	0
6936	1
6937	2
6938	1
6939	0
6940	0
6941	1
6942	0
6943	2
6944	2
6945	0
6946	0
6947	0
6948	0
6949	-1
6950	0
6951	1
6952	0
6953	2
6954	0
6955	1
6956	1
6957	1
6958	2
6959	1
6960	-1
6961	0
6962	-1
6963	0
6964	1
6965	2
6966	-2
6967	1
6968	-1
6969	0
6970	1
6971	1
6972	1
6973	1
6974	1
6975	2
6976	1
6977	1
6978	0
6979	1
6980	0
6981	2
6982	1
6983	0
6984	1
6985	1
6986	2
6987	0
6988	0
6989	1
6990	2
6991	1
6992	1
6993	0
6994	2
6995	-1
6996	1
6997	0
6998	0
6999	1
7000	-1
7001	0
7002	0
7003	2
7004	0
7005	0
7006	-1
7007	-1
7008	0
7009	0
7010	0
7011	0
7012	1
7013	0
7014	2
7015	0
7016	0
7017	0
7018	1
7019	0
7020	0
7021	2
7022	0
7023	0
7024	1
7025	1
7026	0
7027	2
7028	2
7029	1
7030	1
7031	0
7032	1
7033	2
7034	1
7035	2
7036	0
7037	1
7038	0
7039	0
7040	1
7041	0
7042	0
7043	1
7044	2
7045	0
7046	1
7047	1
7048	0
7049	0
7050	1
7051	0
7052	0
7053	1
7054	1
7055	2
7056	2
7057	1
7058	-1
7059	2
7060	2
7061	0
7062	2
7063	1
7064	1
7065	0
7066	1
7067	0
7068	1
7069	-1
7070	-1
7071	-1
7072	0
7073	0
7074	2
7075	-1
7076	1
7077	-1
7078	1
7079	-1
7080	0
7081	0
7082	2
7083	1
7084	0
7085	0
7086	2
7087	1
7088	1
7089	1
7090	0
7091	0
7092	1
7093	0
7094	0
7095	-1
7096	0
7097	0
7098	0
7099	0
7100	1
7101	0
7102	2
7103	2
7104	0
7105	1
7106	-1
7107	0
7108	0
7109	0
7110	1
7111	0
7112	-1
7113	1
7114	1
7115	0
7116	0
7117	2
7118	0
7119	0
7120	0
7121	2
7122	2
7123	1
7124	2
7125	0
7126	-1
7127	0
7128	1
7129	0
7130	-1
7131	1
7132	0
7133	2
7134	1
7135	1
7136	0
7137	0
7138	1
7139	1
7140	1
7141	-1
7142	1
7143	0
7144	2
7145	1
7146	1
7147	0
7148	2
7149	0
7150	-1
7151	0
7152	0
7153	0
7154	1
7155	1
7156	2
7157	0
7158	0
7159	0
7160	2
7161	1
7162	-1
7163	1
7164	0
7165	2
7166	-1
7167	1
7168	1
7169	0
7170	2
7171	0
7172	1
7173	1
7174	1
7175	1
7176	2
7177	1
7178	1
7179	2
7180	-1
7181	0
7182	2
7183	0
7184	2
7185	0
7186	0
7187	0
7188	-1
7189	0
7190	1
7191	1
7192	1
7193	1
7194	2
7195	0
7196	1
7197	1
7198	1
7199	1
7200	2
7201	0
7202	0
7203	0
7204	1
7205	-1
7206	1
7207	0
7208	2
7209	1
7210	0
7211	0
7212	2
7213	0
7214	0
7215	0
7216	0
7217	2
7218	1
7219	-1
7220	-1
7221	1
7222	1
7223	0
7224	0
7225	0
7226	0
7227	-1
7228	0
7229	0
7230	1
7231	0
7232	2
7233	0
7234	1
7235	1
7236	1
7237	0
7238	0
7239	0
7240	1
7241	0
7242	1
7243	1
7244	1
7245	1
7246	1
7247	1
7248	0
7249	2
7250	1
7251	2
7252	2
7253	2
7254	0
7255	0
7256	1
7257	0
7258	0
7259	1
7260	1
7261	0
7262	0
7263	0
7264	1
7265	0
7266	1
7267	1
7268	0
7269	2
7270	0
7271	0
7272	2
7273	0
7274	1
7275	0
7276	0
7277	2
7278	2
7279	0
7280	1
7281	2
7282	2
7283	0
7284	1
7285	1
7286	1
7287	2
7288	1
7289	0
7290	0
7291	-1
7292	1
7293	2
7294	0
7295	0
7296	1
7297	0
7298	0
7299	0
7300	1
7301	0
7302	1
7303	-1
7304	0
7305	0
7306	-1
7307	2
7308	0
7309	0
7310	1
7311	0
7312	1
7313	1
7314	-1
7315	0
7316	-1
7317	0
7318	0
7319	0
7320	0
7321	0
7322	0
7323	-2
7324	2
7325	2
7326	-1
7327	1
7328	1
7329	0
7330	0
7331	0
7332	2
7333	-1
7334	0
7335	1
7336	2
7337	1
7338	2
7339	-1
7340	0
7341	2
7342	1
7343	2
7344	0
7345	1
7346	0
7347	0
7348	-2
7349	1
7350	1
7351	1
7352	0
7353	2
7354	0
7355	1
7356	1
7357	1
7358	0
7359	0
7360	1
7361	0
7362	1
7363	0
7364	0
7365	0
7366	1
7367	2
7368	0
7369	1
7370	0
7371	0
7372	0
7373	0
7374	0
7375	-1
7376	1
7377	0
7378	2
7379	0
7380	0
7381	1
7382	0
7383	2
7384	0
7385	1
7386	0
7387	0
7388	1
7389	0
7390	1
7391	0
7392	2
7393	2
7394	0
7395	0
7396	0
7397	0
7398	0
7399	0
7400	0
7401	-1
7402	0
7403	1
7404	0
7405	2
7406	0
7407	1
7408	0
7409	0
7410	2
7411	0
7412	0
7413	0
7414	1
7415	1
7416	2
7417	1
7418	1
7419	0
7420	0
7421	1
7422	1
7423	0
7424	1
7425	-1
7426	0
7427	0
7428	2
7429	2
7430	2
7431	-1
7432	1
7433	1
7434	1
7435	2
7436	-1
7437	0
7438	0
7439	2
7440	1
7441	1
7442	2
7443	1
7444	0
7445	-1
7446	1
7447	0
7448	-1
7449	2
7450	0
7451	1
7452	0
7453	2
7454	0
7455	2
7456	0
7457	0
7458	1
7459	0
7460	0
7461	-1
7462	1
7463	0
7464	-1
7465	1
7466	0
7467	1
7468	0
7469	1
7470	0
7471	1
7472	0
7473	0
7474	1
7475	1
7476	0
7477	0
7478	1
7479	1
7480	-1
7481	1
7482	0
7483	0
7484	1
7485	0
7486	2
7487	0
7488	1
7489	1
7490	1
7491	0
7492	2
7493	1
7494	1
7495	0
7496	2
7497	0
7498	0
7499	1
7500	0
7501	-1
7502	0
7503	0
7504	0
7505	0
7506	0
7507	1
7508	0
7509	0
7510	0
7511	0
7512	1
7513	2
7514	-1
7515	2
7516	2
7517	2
7518	0
7519	2
7520	0
7521	-1
7522	0
7523	2
7524	0
7525	-1
7526	1
7527	0
7528	2
7529	1
7530	2
7531	0
7532	2
7533	1
7534	0
7535	1
7536	1
7537	0
7538	0
7539	-1
7540	1
7541	0
7542	0
7543	-1
7544	0
7545	1
7546	-2
7547	1
7548	2
7549	0
7550	2
7551	1
7552	0
7553	1
7554	0
7555	0
7556	0
7557	-1
7558	2
7559	2
7560	1
7561	-1
7562	0
7563	1
7564	0
7565	1
7566	1
7567	0
7568	0
7569	2
7570	1
7571	0
7572	2
7573	2
7574	1
7575	0
7576	1
7577	2
7578	1
7579	0
7580	1
7581	1
7582	1
7583	-1
7584	1
7585	0
7586	0
7587	0
7588	0
7589	2
7590	1
7591	-1
7592	0
7593	0
7594	0
7595	2
7596	0
7597	2
7598	-1
7599	0
7600	0
7601	1
7602	0
7603	1
7604	1
7605	0
7606	0
7607	0
7608	0
7609	1
7610	0
7611	0
7612	0
7613	0
7614	1
7615	0
7616	1
7617	0
7618	0
7619	0
7620	2
7621	1
7622	0
7623	1
7624	0
7625	0
7626	0
7627	2
7628	1
7629	1
7630	0
7631	0
7632	2
7633	0
7634	1
7635	1
7636	-1
7637	2
7638	1
7639	2
7640	0
7641	2
7642	0
7643	2
7644	0
7645	0
7646	2
7647	0
7648	1
7649	-1
7650	1
7651	0
7652	1
7653	2
7654	1
7655	2
7656	0
7657	0
7658	1
7659	1
7660	-1
7661	2
7662	1
7663	0
7664	2
7665	0
7666	1
7667	0
7668	0
7669	1
7670	1
7671	0
7672	2
7673	0
7674	0
7675	2
7676	1
7677	0
7678	2
7679	1
7680	-2
7681	1
7682	2
7683	0
7684	-1
7685	0
7686	0
7687	-1
7688	0
7689	0
7690	0
7691	1
7692	0
7693	1
7694	0
7695	0
7696	1
7697	0
7698	0
7699	2
7700	1
7701	0
7702	-1
7703	1
7704	0
7705	0
7706	1
7707	0
7708	0
7709	0
7710	2
7711	2
7712	1
7713	1
7714	2
7715	-1
7716	0
7717	1
7718	1
7719	0
7720	1
7721	1
7722	0
7723	1
7724	2
7725	2
7726	0
7727	0
7728	0
7729	1
7730	0
7731	2
7732	1
7733	0
7734	1
7735	0
7736	-1
7737	2
7738	0
7739	0
7740	2
7741	1
7742	2
7743	0
7744	0
7745	2
7746	1
7747	0
7748	1
7749	0
7750	1
7751	0
7752	-1
7753	0
7754	0
7755	1
7756	1
7757	-1
7758	2
7759	0
7760	2
7761	2
7762	0
7763	0
7764	0
7765	2
7766	0
7767	1
7768	2
7769	0
7770	2
7771	-1
7772	-1
7773	0
7774	-1
7775	-1
7776	0
7777	0
7778	0
7779	0
7780	0
7781	2
7782	2
7783	1
7784	1
7785	0
7786	1
7787	0
7788	2
7789	1
7790	0
7791	2
7792	1
7793	1
7794	0
7795	1
7796	1
7797	2
7798	2
7799	0
7800	-1
7801	1
7802	1
7803	0
7804	2
7805	-1
7806	-1
7807	1
7808	0
7809	1
7810	0
7811	0
7812	2
7813	0
7814	1
7815	0
7816	0
7817	0
7818	0
7819	2
7820	1
7821	0
7822	1
7823	0
7824	0
7825	0
7826	1
7827	0
7828	1
7829	0
7830	1
7831	0
7832	2
7833	2
7834	0
7835	1
7836	0
7837	2
7838	0
7839	1
7840	2
7841	1
7842	-2
7843	0
7844	0
7845	0
7846	-2
7847	2
7848	0
7849	0
7850	-1
7851	0
7852	0
7853	0
7854	-1
7855	1
7856	1
7857	2
7858	0
7859	0
7860	0
7861	0
7862	1
7863	2
7864	1
7865	-1
7866	2
7867	0
7868	-1
7869	0
7870	0
7871	2
7872	0
7873	2
7874	0
7875	-1
7876	0
7877	2
7878	2
7879	2
7880	1
7881	-1
7882	0
7883	0
7884	1
7885	0
7886	0
7887	0
7888	0
7889	0
7890	2
7891	0
7892	2
7893	0
7894	0
7895	1
7896	1
7897	0
7898	-1
7899	2
7900	1
7901	1
7902	2
7903	2
7904	0
7905	0
7906	0
7907	0
7908	0
7909	0
7910	0
7911	0
7912	0
7913	0
7914	1
7915	0
7916	2
7917	0
7918	0
7919	0
7920	0
7921	0
7922	0
7923	2
7924	-1
7925	-1
7926	1
7927	0
7928	0
7929	0
7930	0
7931	0
7932	-1
7933	-1
7934	1
7935	0
7936	0
7937	2
7938	1
7939	0
7940	-1
7941	0
7942	0
7943	2
7944	0
7945	-1
7946	2
7947	0
7948	0
7949	0
7950	2
7951	2
7952	1
7953	2
7954	0
7955	-1
7956	1
7957	2
7958	0
7959	-1
7960	2
7961	0
7962	2
7963	1
7964	1
7965	0
7966	2
7967	0
7968	0
7969	0
7970	1
7971	0
7972	0
7973	0
7974	1
7975	0
7976	1
7977	1
7978	0
7979	-1
7980	-1
7981	1
7982	0
7983	2
7984	-1
7985	0
7986	0
7987	0
7988	1
7989	0
7990	1
7991	0
7992	1
7993	1
7994	1
7995	-2
7996	1
7997	1
7998	2
7999	0
8000	0
8001	1
8002	0
8003	1
8004	0
8005	1
8006	0
8007	-1
8008	1
8009	-1
8010	0
8011	2
8012	0
8013	0
8014	0
8015	0
8016	0
8017	1
8018	2
8019	2
8020	0
8021	1
8022	2
8023	0
8024	0
8025	1
8026	1
8027	2
8028	-1
8029	2
8030	2
8031	2
8032	1
8033	0
8034	-1
8035	0
8036	-1
8037	0
8038	2
8039	0
8040	0
8041	1
8042	0
8043	0
8044	0
8045	0
8046	2
8047	2
8048	0
8049	2
8050	1
8051	0
8052	1
8053	2
8054	1
8055	0
8056	2
8057	1
8058	0
8059	1
8060	1
8061	-1
8062	1
8063	1
8064	-1
8065	2
8066	-1
8067	1
8068	0
8069	1
8070	-1
8071	0
8072	0
8073	0
8074	-1
8075	-1
8076	1
8077	0
8078	0
8079	1
8080	-1
8081	0
8082	1
8083	0
8084	1
8085	2
8086	0
8087	0
8088	0
8089	0
8090	0
8091	0
8092	1
8093	1
8094	2
8095	2
8096	0
8097	0
8098	2
8099	1
8100	0
8101	0
8102	0
8103	2
8104	1
8105	0
8106	0
8107	-1
8108	0
8109	0
8110	1
8111	0
8112	1
8113	1
8114	1
8115	0
8116	2
8117	2
8118	0
8119	0
8120	0
8121	-1
8122	0
8123	-1
8124	0
8125	2
8126	0
8127	1
8128	2
8129	2
8130	2
8131	0
8132	0
8133	1
8134	1
8135	2
8136	0
8137	1
8138	1
8139	1
8140	0
8141	2
8142	0
8143	1
8144	0
8145	1
8146	-1
8147	0
8148	1
8149	1
8150	-1
8151	2
8152	0
8153	0
8154	0
8155	0
8156	0
8157	2
8158	2
8159	1
8160	0
8161	2
8162	2
8163	0
8164	0
8165	1
8166	2
8167	1
8168	-1
8169	0
8170	2
8171	-1
8172	-1
8173	1
8174	0
8175	1
8176	-2
8177	1
8178	0
8179	-1
8180	1
8181	-1
8182	0
8183	2
8184	1
8185	0
8186	2
8187	1
8188	1
8189	0
8190	0
8191	0
8192	2
8193	1
8194	0
8195	0
8196	0
8197	1
8198	2
8199	-1
8200	0
8201	0
8202	-1
8203	1
8204	2
8205	2
8206	1
8207	2
8208	0
8209	2
8210	0
8211	2
8212	1
8213	1
8214	-1
8215	2
8216	0
8217	0
8218	1
8219	1
8220	0
8221	1
8222	0
8223	0
8224	0
8225	0
8226	0
8227	0
8228	1
8229	1
8230	1
8231	-1
8232	-1
8233	1
8234	1
8235	2
8236	0
8237	0
8238	0
8239	0
8240	0
8241	2
8242	0
8243	0
8244	1
8245	0
8246	1
8247	1
8248	2
8249	2
8250	0
8251	2
8252	0
8253	2
8254	0
8255	-1
8256	2
8257	2
8258	-1
8259	-1
8260	0
8261	2
8262	2
8263	0
8264	0
8265	0
8266	0
8267	2
8268	0
8269	1
8270	1
8271	2
8272	-1
8273	0
8274	0
8275	0
8276	-1
8277	1
8278	2
8279	0
8280	1
8281	0
8282	1
8283	1
8284	2
8285	2
8286	0
8287	0
8288	1
8289	0
8290	0
8291	1
8292	0
8293	0
8294	0
8295	1
8296	0
8297	0
8298	1
8299	-1
8300	2
8301	0
8302	2
8303	-1
8304	0
8305	0
8306	0
8307	0
8308	0
8309	2
8310	0
8311	-1
8312	0
8313	2
8314	0
8315	2
8316	0
8317	-1
8318	0
8319	0
8320	0
8321	0
8322	1
8323	2
8324	0
8325	0
8326	1
8327	1
8328	0
8329	0
8330	2
8331	2
8332	2
8333	2
8334	-1
8335	0
8336	0
8337	-1
8338	2
8339	0
8340	1
8341	1
8342	1
8343	2
8344	0
8345	0
8346	1
8347	2
8348	0
8349	1
8350	0
8351	0
8352	0
8353	2
8354	1
8355	1
8356	1
8357	1
8358	1
8359	0
8360	0
8361	0
8362	0
8363	2
8364	0
8365	2
8366	1
8367	0
8368	-1
8369	1
8370	-1
8371	0
8372	2
8373	-1
8374	0
8375	-1
8376	0
8377	2
8378	2
8379	0
8380	1
8381	0
8382	0
8383	2
8384	-1
8385	1
8386	0
8387	2
8388	1
8389	2
8390	1
8391	2
8392	0
8393	0
8394	0
8395	2
8396	1
8397	0
8398	1
8399	2
8400	2
8401	1
8402	1
8403	2
8404	-1
8405	1
8406	1
8407	1
8408	1
8409	1
8410	0
8411	1
8412	0
8413	0
8414	1
8415	1
8416	1
8417	1
8418	0
8419	-1
8420	1
8421	2
8422	0
8423	2
8424	2
8425	1
8426	0
8427	1
8428	0
8429	1
8430	-1
8431	2
8432	1
8433	0
8434	0
8435	0
8436	2
8437	1
8438	1
8439	-1
8440	2
8441	0
8442	1
8443	0
8444	0
8445	1
8446	1
8447	1
8448	0
8449	0
8450	1
8451	0
8452	-1
8453	1
8454	0
8455	0
8456	0
8457	1
8458	0
8459	0
8460	1
8461	1
8462	0
8463	0
8464	2
8465	-1
8466	2
8467	0
8468	2
8469	0
8470	2
8471	1
8472	0
8473	2
8474	0
8475	-1
8476	0
8477	-1
8478	-1
8479	0
8480	-1
8481	1
8482	0
8483	0
8484	0
8485	1
8486	1
8487	1
8488	0
8489	-1
8490	1
8491	0
8492	0
8493	-1
8494	2
8495	0
8496	1
8497	2
8498	1
8499	0
8500	0
8501	1
8502	1
8503	0
8504	0
8505	0
8506	1
8507	1
8508	2
8509	1
8510	-1
8511	0
8512	1
8513	2
8514	0
8515	0
8516	1
8517	1
8518	0
8519	2
8520	2
8521	-1
8522	0
8523	1
8524	2
8525	1
8526	0
8527	1
8528	2
8529	0
8530	1
8531	0
8532	1
8533	1
8534	2
8535	1
8536	2
8537	1
8538	0
8539	1
8540	1
8541	0
8542	0
8543	1
8544	1
8545	1
8546	1
8547	0
8548	0
8549	2
8550	0
8551	0
8552	-1
8553	0
8554	2
8555	1
8556	2
8557	1
8558	2
8559	0
8560	0
8561	0
8562	0
8563	0
8564	1
8565	0
8566	2
8567	0
8568	-1
8569	0
8570	0
8571	1
8572	0
8573	0
8574	1
8575	-1
8576	1
8577	0
8578	1
8579	-1
8580	1
8581	1
8582	2
8583	0
8584	0
8585	2
8586	1
8587	1
8588	1
8589	0
8590	0
8591	0
8592	0
8593	1
8594	2
8595	2
8596	0
8597	0
8598	0
8599	0
8600	0
8601	1
8602	2
8603	1
8604	0
8605	0
8606	1
8607	0
8608	0
8609	0
8610	1
8611	2
8612	0
8613	1
8614	1
8615	-1
8616	1
8617	2
8618	1
8619	0
8620	1
8621	1
8622	1
8623	0
8624	0
8625	0
8626	-1
8627	1
8628	1
8629	1
8630	0
8631	1
8632	2
8633	2
8634	1
8635	0
8636	0
8637	0
8638	-1
8639	-1
8640	2
8641	0
8642	0
8643	1
8644	1
8645	0
8646	0
8647	0
8648	0
8649	2
8650	2
8651	1
8652	1
8653	1
8654	0
8655	0
8656	1
8657	0
8658	0
8659	2
8660	1
8661	1
8662	2
8663	0
8664	0
8665	2
8666	2
8667	-1
8668	1
8669	0
8670	2
8671	0
8672	0
8673	1
8674	0
8675	2
8676	2
8677	0
8678	0
8679	0
8680	2
8681	0
8682	-1
8683	1
8684	0
8685	0
8686	1
8687	0
8688	-1
8689	0
8690	2
8691	0
8692	1
8693	0
8694	0
8695	1
8696	0
8697	1
8698	1
8699	1
8700	0
8701	0
8702	-1
8703	1
8704	0
8705	0
8706	0
8707	2
8708	-1
8709	0
8710	0
8711	0
8712	0
8713	0
8714	0
8715	0
8716	2
8717	2
8718	0
8719	0
8720	0
8721	0
8722	0
8723	-1
8724	-1
8725	0
8726	2
8727	0
8728	-1
8729	2
8730	1
8731	0
8732	0
8733	0
8734	1
8735	2
8736	0
8737	2
8738	2
8739	2
8740	0
8741	2
8742	0
8743	0
8744	0
8745	1
8746	0
8747	1
8748	0
8749	2
8750	1
8751	2
8752	1
8753	0
8754	2
8755	1
8756	0
8757	0
8758	0
8759	0
8760	0
8761	0
8762	2
8763	0
8764	0
8765	-1
8766	1
8767	2
8768	1
8769	0
8770	0
8771	0
8772	0
8773	-1
8774	0
8775	2
8776	0
8777	1
8778	0
8779	0
8780	2
8781	0
8782	1
8783	0
8784	0
8785	0
8786	2
8787	2
8788	1
8789	0
8790	0
8791	0
8792	0
8793	0
8794	0
8795	1
8796	-1
8797	1
8798	0
8799	0
8800	1
8801	1
8802	0
8803	1
8804	0
8805	2
8806	0
8807	1
8808	2
8809	1
8810	1
8811	1
8812	1
8813	-1
8814	1
8815	1
8816	0
8817	0
8818	0
8819	0
8820	0
8821	1
8822	1
8823	0
8824	2
8825	1
8826	1
8827	1
8828	0
8829	1
8830	0
8831	1
8832	-1
8833	2
8834	2
8835	1
8836	0
8837	2
8838	1
8839	-1
8840	1
8841	0
8842	1
8843	1
8844	-1
8845	-1
8846	0
8847	2
8848	1
8849	1
8850	1
8851	-1
8852	1
8853	2
8854	0
8855	-1
8856	0
8857	0
8858	-1
8859	0
8860	1
8861	1
8862	1
8863	0
8864	2
8865	1
8866	1
8867	1
8868	0
8869	0
8870	2
8871	0
8872	1
8873	2
8874	0
8875	1
8876	1
8877	0
8878	1
8879	1
8880	1
8881	-1
8882	1
8883	0
8884	1
8885	0
8886	0
8887	1
8888	0
8889	1
8890	0
8891	-1
8892	0
8893	-1
8894	0
8895	0
8896	-1
8897	0
8898	2
8899	2
8900	2
8901	-1
8902	-1
8903	-1
8904	0
8905	1
8906	0
8907	1
8908	1
8909	-1
8910	1
8911	0
8912	0
8913	1
8914	0
8915	0
8916	2
8917	-1
8918	0
8919	-1
8920	1
8921	-1
8922	0
8923	0
8924	2
8925	0
8926	1
8927	1
8928	0
8929	0
8930	-1
8931	-1
8932	1
8933	2
8934	1
8935	0
8936	2
8937	0
8938	2
8939	2
8940	-1
8941	1
8942	0
8943	0
8944	2
8945	0
8946	0
8947	-1
8948	0
8949	-1
8950	0
8951	0
8952	1
8953	2
8954	1
8955	2
8956	0
8957	1
8958	0
8959	-1
8960	0
8961	0
8962	1
8963	1
8964	1
8965	2
8966	-1
8967	1
8968	1
8969	1
8970	1
8971	2
8972	1
8973	0
8974	1
8975	0
8976	0
8977	0
8978	0
8979	0
8980	0
8981	1
8982	0
8983	1
8984	0
8985	0
8986	1
8987	1
8988	1
8989	1
8990	1
8991	0
8992	0
8993	1
8994	0
8995	0
8996	0
8997	0
8998	0
8999	0
9000	1
9001	2
9002	1
9003	0
9004	1
9005	0
9006	2
9007	1
9008	0
9009	0
9010	-1
9011	0
9012	1
9013	0
9014	0
9015	1
9016	1
9017	1
9018	0
9019	1
9020	1
9021	2
9022	1
9023	0
9024	0
9025	2
9026	2
9027	2
9028	1
9029	-1
9030	0
9031	1
9032	2
9033	2
9034	0
9035	1
9036	2
9037	0
9038	2
9039	1
9040	0
9041	0
9042	1
9043	0
9044	0
9045	0
9046	1
9047	0
9048	0
9049	0
9050	2
9051	1
9052	1
9053	1
9054	0
9055	2
9056	1
9057	0
9058	1
9059	0
9060	1
9061	0
9062	1
9063	1
9064	2
9065	0
9066	1
9067	0
9068	1
9069	2
9070	2
9071	2
9072	0
9073	0
9074	1
9075	0
9076	2
9077	1
9078	0
9079	0
9080	2
9081	0
9082	1
9083	0
9084	0
9085	0
9086	0
9087	1
9088	0
9089	2
9090	1
9091	0
9092	1
9093	1
9094	0
9095	1
9096	0
9097	1
9098	0
9099	1
9100	1
9101	-1
9102	2
9103	-1
9104	0
9105	0
9106	1
9107	2
9108	0
9109	0
9110	0
9111	1
9112	2
9113	1
9114	0
9115	2
9116	1
9117	0
9118	1
9119	1
9120	0
9121	1
9122	0
9123	0
9124	1
9125	2
9126	2
9127	2
9128	1
9129	0
9130	1
9131	-1
9132	0
9133	0
9134	0
9135	0
9136	1
9137	2
9138	0
9139	0
9140	0
9141	1
9142	0
9143	0
9144	0
9145	0
9146	2
9147	1
9148	2
9149	1
9150	0
9151	-1
9152	2
9153	1
9154	1
9155	2
9156	0
9157	1
9158	0
9159	2
9160	0
9161	1
9162	0
9163	0
9164	1
9165	1
9166	1
9167	2
9168	1
9169	1
9170	2
9171	2
9172	1
9173	1
9174	2
9175	0
9176	1
9177	1
9178	0
9179	1
9180	1
9181	1
9182	1
9183	1
9184	0
9185	2
9186	0
9187	0
9188	1
9189	0
9190	1
9191	2
9192	0
9193	1
9194	-1
9195	1
9196	1
9197	0
9198	1
9199	1
9200	0
9201	0
9202	2
9203	0
9204	1
9205	2
9206	0
9207	2
9208	2
9209	2
9210	0
9211	0
9212	1
9213	1
9214	1
9215	0
9216	0
9217	2
9218	0
9219	1
9220	1
9221	0
9222	0
9223	1
9224	1
9225	0
9226	0
9227	0
9228	2
9229	0
9230	0
9231	0
9232	2
9233	1
9234	0
9235	1
9236	0
9237	1
9238	1
9239	0
9240	1
9241	1
9242	1
9243	0
9244	0
9245	2
9246	0
9247	0
9248	2
9249	1
9250	2
9251	0
9252	0
9253	2
9254	2
9255	0
9256	1
9257	1
9258	0
9259	1
9260	1
9261	2
9262	0
9263	0
9264	1
9265	0
9266	0
9267	2
9268	0
9269	-1
9270	2
9271	0
9272	2
9273	0
9274	2
9275	1
9276	0
9277	0
9278	1
9279	0
9280	1
9281	1
9282	-1
9283	0
9284	2
9285	-2
9286	0
9287	0
9288	0
9289	0
9290	0
9291	1
9292	1
9293	2
9294	0
9295	-1
9296	0
9297	-1
9298	1
9299	0
9300	0
9301	0
9302	1
9303	0
9304	2
9305	2
9306	1
9307	2
9308	2
9309	0
9310	1
9311	0
9312	1
9313	0
9314	2
9315	0
9316	-1
9317	2
9318	1
9319	1
9320	0
9321	-1
9322	-1
9323	0
9324	0
9325	0
9326	1
9327	1
9328	1
9329	-1
9330	1
9331	0
9332	0
9333	2
9334	0
9335	1
9336	-1
9337	-1
9338	0
9339	-1
9340	1
9341	0
9342	0
9343	0
9344	-1
9345	-1
9346	1
9347	-1
9348	1
9349	-1
9350	1
9351	2
9352	0
9353	0
9354	2
9355	0
9356	0
9357	-1
9358	0
9359	0
9360	0
9361	1
9362	0
9363	0
9364	1
9365	0
9366	2
9367	0
9368	0
9369	0
9370	2
9371	0
9372	-1
9373	0
9374	0
9375	0
9376	2
9377	0
9378	1
9379	1
9380	-1
9381	2
9382	1
9383	2
9384	1
9385	1
9386	0
9387	1
9388	1
9389	0
9390	0
9391	0
9392	0
9393	2
9394	2
9395	0
9396	2
9397	1
9398	2
9399	1
9400	0
9401	0
9402	0
9403	1
9404	0
9405	2
9406	0
9407	2
9408	2
9409	1
9410	1
9411	1
9412	0
9413	1
9414	-1
9415	1
9416	0
9417	2
9418	1
9419	1
9420	1
9421	2
9422	0
9423	1
9424	1
9425	1
9426	0
9427	0
9428	0
9429	0
9430	0
9431	1
9432	0
9433	0
9434	1
9435	1
9436	0
9437	2
9438	0
9439	2
9440	0
9441	2
9442	0
9443	2
9444	0
9445	1
9446	1
9447	-1
9448	0
9449	0
9450	0
9451	0
9452	2
9453	0
9454	-1
9455	2
9456	-1
9457	2
9458	1
9459	0
9460	2
9461	0
9462	0
9463	1
9464	0
9465	0
9466	1
9467	2
9468	1
9469	1
9470	-1
9471	1
9472	1
9473	1
9474	1
9475	1
9476	0
9477	2
9478	1
9479	1
9480	0
9481	0
9482	1
9483	0
9484	1
9485	-1
9486	0
9487	0
9488	2
9489	0
9490	1
9491	0
9492	0
9493	0
9494	1
9495	0
9496	1
9497	-1
9498	1
9499	0
9500	1
9501	0
9502	0
9503	0
9504	2
9505	0
9506	0
9507	0
9508	-1
9509	0
9510	0
9511	-1
9512	0
9513	2
9514	1
9515	1
9516	1
9517	0
9518	0
9519	0
9520	0
9521	0
9522	2
9523	0
9524	0
9525	0
9526	0
9527	0
9528	0
9529	2
9530	0
9531	0
9532	0
9533	0
9534	1
9535	1
9536	1
9537	2
9538	2
9539	-1
9540	2
9541	2
9542	1
9543	0
9544	0
9545	0
9546	2
9547	0
9548	0
9549	1
9550	-1
9551	2
9552	0
9553	1
9554	1
9555	1
9556	0
9557	0
9558	1
9559	2
9560	0
9561	0
9562	2
9563	2
9564	2
9565	0
9566	1
9567	0
9568	0
9569	1
9570	1
9571	1
9572	0
9573	0
9574	0
9575	0
9576	0
9577	1
9578	0
9579	2
9580	0
9581	0
9582	2
9583	0
9584	-1
9585	2
9586	-2
9587	1
9588	2
9589	0
9590	-1
9591	0
9592	1
9593	0
9594	0
9595	0
9596	2
9597	2
9598	-1
9599	0
9600	2
9601	0
9602	1
9603	1
9604	-1
9605	2
9606	0
9607	2
9608	0
9609	0
9610	1
9611	2
9612	0
9613	0
9614	2
9615	2
9616	1
9617	-1
9618	0
9619	1
9620	2
9621	1
9622	0
9623	1
9624	1
9625	1
9626	1
9627	0
9628	-1
9629	0
9630	1
9631	0
9632	2
9633	1
9634	1
9635	1
9636	2
9637	2
9638	1
9639	0
9640	0
9641	2
9642	0
9643	0
9644	1
9645	1
9646	0
9647	0
9648	-1
9649	0
9650	0
9651	0
9652	0
9653	2
9654	1
9655	2
9656	1
9657	2
9658	0
9659	2
9660	1
9661	0
9662	0
9663	-1
9664	1
9665	1
9666	2
9667	1
9668	1
9669	1
9670	-1
9671	0
9672	1
9673	0
9674	1
9675	0
9676	0
9677	0
9678	0
9679	-1
9680	-1
9681	0
9682	0
9683	-1
9684	1
9685	0
9686	0
9687	1
9688	1
9689	2
9690	1
9691	2
9692	1
9693	2
9694	1
9695	1
9696	0
9697	-1
9698	0
9699	0
9700	0
9701	1
9702	1
9703	0
9704	0
9705	2
9706	2
9707	0
9708	0
9709	2
9710	0
9711	0
9712	0
9713	1
9714	1
9715	1
9716	0
9717	0
9718	1
9719	2
9720	0
9721	-1
9722	1
9723	1
9724	1
9725	0
9726	1
9727	0
9728	1
9729	0
9730	0
9731	2
9732	1
9733	0
9734	-2
9735	1
9736	2
9737	1
9738	0
9739	0
9740	0
9741	0
9742	2
9743	1
9744	-1
9745	2
9746	0
9747	1
9748	1
9749	0
9750	-1
9751	1
9752	0
9753	-1
9754	2
9755	2
9756	2
9757	1
9758	1
9759	0
9760	1
9761	0
9762	2
9763	0
9764	1
9765	0
9766	0
9767	0
9768	0
9769	0
9770	1
9771	0
9772	0
9773	-1
9774	1
9775	2
9776	0
9777	1
9778	2
9779	2
9780	0
9781	1
9782	1
9783	1
9784	0
9785	2
9786	1
9787	0
9788	2
9789	0
9790	0
9791	-1
9792	0
9793	0
9794	1
9795	0
9796	0
9797	0
9798	1
9799	1
9800	2
9801	0
9802	0
9803	1
9804	0
9805	0
9806	0
9807	1
9808	1
9809	0
9810	0
9811	0
9812	0
9813	1
9814	0
9815	1
9816	0
9817	0
9818	2
9819	2
9820	0
9821	0
9822	0
9823	0
9824	0
9825	1
9826	1
9827	0
9828	-1
9829	0
9830	1
9831	-1
9832	0
9833	0
9834	0
9835	1
9836	2
9837	0
9838	0
9839	-1
9840	0
9841	1
9842	1
9843	1
9844	0
9845	1
9846	2
9847	0
9848	-1
9849	0
9850	2
9851	1
9852	1
9853	0
9854	2
9855	2
9856	2
9857	2
9858	1
9859	1
9860	1
9861	0
9862	2
9863	2
9864	1
9865	0
9866	1
9867	1
9868	0
9869	-1
9870	2
9871	0
9872	0
9873	-1
9874	1
9875	2
9876	1
9877	1
9878	1
9879	1
9880	0
9881	1
9882	0
9883	-1
9884	2
9885	2
9886	1
9887	1
9888	0
9889	0
9890	1
9891	1
9892	-1
9893	0
9894	2
9895	-1
9896	-1
9897	2
9898	0
9899	0
9900	0
9901	0
9902	1
9903	1
9904	2
9905	0
9906	1
9907	0
9908	-2
9909	0
9910	-1
9911	2
9912	0
9913	1
9914	0
9915	1
9916	1
9917	1
9918	0
9919	0
9920	2
9921	1
9922	1
9923	1
9924	0
9925	0
9926	2
9927	1
9928	0
9929	1
9930	2
9931	1
9932	-1
9933	-1
9934	1
9935	0
9936	0
9937	2
9938	2
9939	1
9940	0
9941	1
9942	0
9943	0
9944	1
9945	1
9946	0
9947	1
9948	-1
9949	0
9950	1
9951	0
9952	0
9953	1
9954	2
9955	0
9956	0
9957	2
9958	1
9959	1
9960	2
9961	2
9962	1
9963	0
9964	0
9965	0
9966	0
9967	2
9968	0
9969	0
9970	0
9971	2
9972	0
9973	1
9974	0
9975	0
9976	1
9977	0
9978	1
9979	0
9980	0
9981	1
9982	1
9983	2
9984	0
9985	0
9986	2
9987	-1
9988	0
9989	2
9990	1
9991	0
9992	0
9993	1
9994	1
9995	0
9996	-1
9997	-1
9998	0
9999	1
10000	0
10001	0
10002	1
10003	0
10004	0
10005	2
10006	1
10007	0
10008	1
10009	1
10010	0
10011	0
10012	2
10013	-1
10014	1
10015	0
10016	0
10017	-1
10018	1
10019	0
10020	1
10021	1
10022	2
10023	1
10024	0
10025	0
10026	1
10027	2
10028	1
10029	0
10030	-1
10031	1
10032	0
10033	0
10034	1
10035	2
10036	-1
10037	0
10038	0
10039	0
10040	0
10041	0
10042	2
10043	0
10044	-1
10045	2
10046	0
10047	-1
10048	1
10049	0
10050	0
10051	-1
10052	2
10053	1
10054	0
10055	1
10056	1
10057	0
10058	2
10059	0
10060	0
10061	1
10062	-1
10063	0
10064	2
10065	1
10066	1
10067	1
10068	1
10069	2
10070	1
10071	0
10072	0
10073	0
10074	2
10075	1
10076	-1
10077	2
10078	2
10079	0
10080	1
10081	0
10082	0
10083	1
10084	0
10085	0
10086	0
10087	2
10088	0
10089	2
10090	-1
10091	-1
10092	1
10093	1
10094	2
10095	1
10096	0
10097	0
10098	0
10099	1
10100	-1
10101	1
10102	0
10103	0
10104	0
10105	2
10106	1
10107	1
10108	0
10109	2
10110	-1
10111	1
10112	0
10113	1
10114	2
10115	1
10116	1
10117	2
10118	0
10119	0
10120	0
10121	0
10122	-1
10123	2
10124	0
10125	2
10126	0
10127	-1
10128	0
10129	0
10130	1
10131	1
10132	1
10133	-1
10134	1
10135	1
10136	2
10137	0
10138	2
10139	0
10140	1
10141	0
10142	0
10143	2
10144	0
10145	0
10146	0
10147	1
10148	-2
10149	0
10150	2
10151	1
10152	1
10153	1
10154	2
10155	0
10156	1
10157	2
10158	0
10159	2
10160	-1
10161	0
10162	1
10163	2
10164	-2
10165	0
10166	1
10167	1
10168	1
10169	0
10170	1
10171	1
10172	-1
10173	2
10174	1
10175	0
10176	0
10177	0
10178	1
10179	2
10180	1
10181	1
10182	0
10183	0
10184	0
10185	0
10186	2
10187	-1
10188	0
10189	0
10190	0
10191	1
10192	1
10193	-1
10194	0
10195	0
10196	1
10197	1
10198	2
10199	0
10200	0
10201	0
10202	-1
10203	0
10204	0
10205	-1
10206	0
10207	1
10208	0
10209	1
10210	0
10211	0
10212	-1
10213	1
10214	0
10215	0
10216	2
10217	1
10218	0
10219	1
10220	0
10221	0
10222	0
10223	0
10224	0
10225	0
10226	0
10227	0
10228	0
10229	1
10230	0
10231	2
10232	2
10233	0
10234	2
10235	1
10236	1
10237	0
10238	1
10239	0
10240	2
10241	1
10242	0
10243	0
10244	2
10245	0
10246	-1
10247	0
10248	1
10249	0
10250	0
10251	-1
10252	-1
10253	0
10254	1
10255	0
10256	1
10257	0
10258	1
10259	2
10260	0
10261	0
10262	0
10263	2
10264	0
10265	2
10266	0
10267	1
10268	0
10269	0
10270	0
10271	0
10272	0
10273	1
10274	0
10275	1
10276	-1
10277	1
10278	1
10279	-2
10280	1
10281	1
10282	0
10283	0
10284	0
10285	0
10286	1
10287	2
10288	0
10289	0
10290	2
10291	1
10292	0
10293	1
10294	0
10295	1
10296	1
10297	1
10298	1
10299	1
10300	0
10301	0
10302	1
10303	0
10304	2
10305	1
10306	1
10307	0
10308	0
10309	0
10310	0
10311	0
10312	1
10313	0
10314	0
10315	0
10316	-1
10317	2
10318	0
10319	-1
10320	-1
10321	1
10322	2
10323	1
10324	0
10325	0
10326	0
10327	1
10328	1
10329	0
10330	1
10331	1
10332	0
10333	0
10334	0
10335	1
10336	1
10337	1
10338	2
10339	2
10340	1
10341	0
10342	1
10343	1
10344	0
10345	2
10346	-1
10347	0
10348	1
10349	1
10350	-1
10351	1
10352	-1
10353	1
10354	1
10355	2
10356	2
10357	0
10358	1
10359	2
10360	0
10361	1
10362	2
10363	0
10364	2
10365	0
10366	0
10367	0
10368	1
10369	0
10370	-1
10371	1
10372	0
10373	0
10374	1
10375	-1
10376	2
10377	1
10378	0
10379	0
10380	0
10381	-1
10382	0
10383	1
10384	1
10385	-1
10386	0
10387	0
10388	0
10389	2
10390	-1
10391	0
10392	0
10393	1
10394	0
10395	2
10396	1
10397	2
10398	2
10399	1
10400	-1
10401	0
10402	2
10403	1
10404	1
10405	0
10406	1
10407	0
10408	0
10409	0
10410	-1
10411	-1
10412	0
10413	0
10414	1
10415	2
10416	1
10417	1
10418	1
10419	0
10420	-1
10421	0
10422	0
10423	1
10424	0
10425	0
10426	0
10427	0
10428	0
10429	0
10430	1
10431	1
10432	2
10433	1
10434	-1
10435	1
10436	1
10437	0
10438	2
10439	-1
10440	2
10441	0
10442	-2
10443	1
10444	2
10445	2
10446	1
10447	0
10448	1
10449	1
10450	0
10451	0
10452	0
10453	1
10454	1
10455	0
10456	1
10457	2
10458	0
10459	0
10460	0
10461	0
10462	1
10463	1
10464	0
10465	-1
10466	2
10467	2
10468	0
10469	1
10470	0
10471	1
10472	2
10473	0
10474	0
10475	0
10476	0
10477	0
10478	0
10479	0
10480	0
10481	0
10482	2
10483	2
10484	0
10485	1
10486	1
10487	2
10488	0
10489	0
10490	1
10491	0
10492	0
10493	1
10494	2
10495	-1
10496	0
10497	0
10498	-1
10499	0
10500	1
10501	1
10502	0
10503	-1
10504	0
10505	0
10506	1
10507	0
10508	-1
10509	-2
10510	2
10511	0
10512	1
10513	2
10514	2
10515	0
10516	0
10517	2
10518	1
10519	0
10520	1
10521	1
10522	2
10523	1
10524	1
10525	1
10526	1
10527	0
10528	0
10529	1
10530	0
10531	1
10532	1
10533	0
10534	-1
10535	0
10536	2
10537	0
10538	0
10539	1
10540	-1
10541	0
10542	-1
10543	2
10544	1
10545	1
10546	-1
10547	2
10548	1
10549	0
10550	0
10551	0
10552	0
10553	0
10554	1
10555	0
10556	0
10557	-1
10558	1
10559	0
10560	0
10561	1
10562	2
10563	0
10564	-1
10565	0
10566	-1
10567	0
10568	1
10569	0
10570	0
10571	2
10572	2
10573	1
10574	1
10575	2
10576	2
10577	0
10578	-1
10579	2
10580	2
10581	0
10582	1
10583	0
10584	0
10585	0
10586	-1
10587	2
10588	0
10589	0
10590	2
10591	2
10592	1
10593	-2
10594	1
10595	2
10596	0
10597	0
10598	0
10599	-1
10600	2
10601	-1
10602	0
10603	0
10604	-1
10605	2
10606	2
10607	1
10608	0
10609	1
10610	2
10611	0
10612	1
10613	1
10614	0
10615	1
10616	-1
10617	0
10618	0
10619	2
10620	0
10621	0
10622	0
10623	0
10624	2
10625	1
10626	2
10627	0
10628	2
10629	0
10630	0
10631	-1
10632	1
10633	0
10634	1
10635	0
10636	0
10637	0
10638	-1
10639	0
10640	2
10641	1
10642	0
10643	0
10644	0
10645	-1
10646	0
10647	0
10648	0
10649	0
10650	1
10651	0
10652	1
10653	0
10654	0
10655	0
10656	1
10657	1
10658	0
10659	0
10660	2
10661	2
10662	1
10663	0
10664	0
10665	1
10666	0
10667	1
10668	1
10669	0
10670	2
10671	1
10672	1
10673	0
10674	0
10675	-1
10676	0
10677	1
10678	2
10679	-1
10680	2
10681	0
10682	0
10683	2
10684	0
10685	1
10686	0
10687	2
10688	0
10689	0
10690	2
10691	2
10692	0
10693	0
10694	0
10695	1
10696	0
10697	1
10698	2
10699	0
10700	1
10701	0
10702	1
10703	1
10704	1
10705	1
10706	-1
10707	1
10708	2
10709	0
10710	0
10711	2
10712	2
10713	-1
10714	1
10715	0
10716	1
10717	1
10718	0
10719	1
10720	-1
10721	0
10722	0
10723	0
10724	-2
10725	-1
10726	-1
10727	0
10728	0
10729	0
10730	0
10731	0
10732	2
10733	2
10734	0
10735	0
10736	0
10737	1
10738	1
10739	0
10740	1
10741	1
10742	0
10743	0
10744	1
10745	0
10746	0
10747	2
10748	1
10749	2
10750	1
10751	1
10752	0
10753	0
10754	2
10755	0
10756	0
10757	0
10758	0
10759	0
10760	2
10761	2
10762	0
10763	2
10764	1
10765	0
10766	0
10767	2
10768	1
10769	1
10770	1
10771	1
10772	1
10773	1
10774	1
10775	1
10776	1
10777	0
10778	1
10779	0
10780	-1
10781	0
10782	0
10783	2
10784	2
10785	2
10786	-1
10787	2
10788	1
10789	0
10790	0
10791	1
10792	0
10793	-1
10794	2
10795	0
10796	0
10797	0
10798	0
10799	-1
10800	1
10801	2
10802	0
10803	2
10804	0
10805	1
10806	1
10807	0
10808	1
10809	-1
10810	1
10811	-1
10812	0
10813	2
10814	0
10815	2
10816	2
10817	1
10818	2
10819	0
10820	-1
10821	2
10822	1
10823	0
10824	0
10825	2
10826	1
10827	2
10828	0
10829	-1
10830	1
10831	2
10832	0
10833	0
10834	-1
10835	0
10836	1
10837	0
10838	1
10839	0
10840	0
10841	1
10842	2
10843	0
10844	2
10845	0
10846	0
10847	1
10848	0
10849	0
10850	0
10851	2
10852	0
10853	1
10854	1
10855	2
10856	1
10857	-1
10858	0
10859	2
10860	0
10861	1
10862	1
10863	1
10864	-1
10865	0
10866	0
10867	2
10868	0
10869	0
10870	2
10871	2
10872	0
10873	1
10874	1
10875	-1
10876	0
10877	1
10878	0
10879	0
10880	2
10881	0
10882	1
10883	1
10884	1
10885	1
10886	1
10887	0
10888	-1
10889	2
10890	0
10891	1
10892	0
10893	2
10894	0
10895	2
10896	0
10897	1
10898	0
10899	0
10900	0
10901	-1
10902	1
10903	0
10904	2
10905	-1
10906	2
10907	2
10908	0
10909	0
10910	-1
10911	2
10912	1
10913	0
10914	0
10915	2
10916	1
10917	0
10918	2
10919	0
10920	-1
10921	0
10922	0
10923	2
10924	2
10925	1
10926	1
10927	0
10928	1
10929	-1
10930	0
10931	1
10932	0
10933	0
10934	2
10935	1
10936	1
10937	0
10938	1
10939	-1
10940	0
10941	2
10942	0
10943	0
10944	1
10945	1
10946	2
10947	-1
10948	2
10949	0
10950	2
10951	1
10952	0
10953	0
10954	0
10955	0
10956	2
10957	2
10958	-1
10959	0
10960	0
10961	0
10962	0
10963	0
10964	0
10965	1
10966	0
10967	2
10968	0
10969	2
10970	-1
10971	0
10972	0
10973	0
10974	1
10975	0
10976	1
10977	2
10978	0
10979	0
10980	2
10981	0
10982	2
10983	1
10984	0
10985	1
10986	-1
10987	0
10988	-1
10989	2
10990	0
10991	1
10992	2
10993	2
10994	0
10995	1
10996	1
10997	0
10998	0
10999	0
11000	1
11001	0
11002	1
11003	-1
11004	1
11005	1
11006	0
11007	2
11008	-1
11009	2
11010	0
11011	-1
11012	0
11013	2
11014	0
11015	1
11016	0
11017	1
11018	0
11019	1
11020	2
11021	0
11022	0
11023	1
11024	-1
11025	1
11026	-2
11027	1
11028	0
11029	2
11030	0
11031	1
11032	0
11033	0
11034	1
11035	0
11036	1
11037	1
11038	0
11039	-1
11040	0
11041	0
11042	0
11043	1
11044	1
11045	0
11046	1
11047	1
11048	2
11049	2
11050	0
11051	0
11052	0
11053	0
11054	-2
11055	1
11056	0
11057	2
11058	0
11059	2
11060	1
11061	0
11062	-1
11063	-1
11064	-1
11065	0
11066	1
11067	-1
11068	1
11069	0
11070	0
11071	-1
11072	-1
11073	1
11074	0
11075	-1
11076	2
11077	1
11078	0
11079	1
11080	0
11081	0
11082	-1
11083	1
11084	0
11085	-1
11086	1
11087	0
11088	-1
11089	0
11090	0
11091	1
11092	1
11093	0
11094	1
11095	0
11096	0
11097	0
11098	2
11099	1
11100	-1
11101	0
11102	0
11103	0
11104	2
11105	0
11106	0
11107	0
11108	0
11109	1
11110	-1
11111	2
11112	2
11113	0
11114	1
11115	0
11116	0
11117	0
11118	2
11119	0
11120	0
11121	2
